date,apparentTemperatureMax,apparentTemperatureMin,cloudCover,dewPoint,humidity,moonPhase,pressure,temperatureMax,temperatureMin,visibility,windBearing,windSpeed,electric
1/1/2015,37.66,17.27,0.16,11.57,0.44,0.37,1034.36,43.73,23.85,6.08,325,5.92,2900575
1/2/2015,48,17.56,0.05,16.82,0.53,0.4,1030.63,49.37,22.27,4.2,98,1.24,3158211
1/3/2015,57.42,31.73,0.08,25.78,0.52,0.44,1022.37,57.42,34.95,3.26,150,4.93,3596487
1/4/2015,64,32.22,0.01,31.21,0.6,0.47,1017.43,64,32.22,2.76,118,3.16,3939672
1/5/2015,59.22,36.2,0.16,39.53,0.67,0.51,1013.71,59.22,41.12,1.86,197,2.21,4101790
1/6/2015,45.81,28.73,0.45,33.96,0.73,0.54,1024.85,49.9,34.95,3.53,0,11.24,4149164
1/7/2015,45,26.92,0.13,26.93,0.66,0.57,1029.57,45,31.95,4.19,328,5.79,4161928
1/8/2015,46,23.68,0.03,24.64,0.66,0.59,1032.5,48,27.85,2.7,317,3.74,4182622
1/9/2015,54.05,27.23,0,29.32,0.68,0.62,1029.94,54.05,29.9,2.14,242,2.04,4153509
1/10/2015,58.37,32.02,0.06,31.21,0.68,0.65,1027.76,58.37,32.02,1.9,236,2.48,3913704
1/11/2015,60.37,29.85,0.02,32.28,0.68,0.68,1029.58,60.37,29.85,2.23,39,3.67,3635468
1/12/2015,40.64,29.58,0.21,32.74,0.72,0.71,1034.87,45.95,36.05,3.81,71,9.16,4011329
1/13/2015,41.29,34.42,0.31,37.85,0.84,0.74,1030.82,44.73,39.57,3.62,67,7.32,3969860
1/14/2015,42.72,35.76,0.25,41.43,0.91,0.78,1027.94,45.95,42.11,2.67,345,6.61,4225259
1/15/2015,45.32,38.16,0.61,38.12,0.81,0.81,1028.2,46.11,40.12,2.4,314,5.66,4106437
1/16/2015,47.37,32.79,0.46,36.1,0.8,0.84,1027.87,47.37,36.22,1.73,291,4.76,4074699
1/17/2015,43,28.17,0.08,26.87,0.66,0.88,1033.78,43,32.71,3.38,35,4.34,4053950
1/18/2015,50.73,25.76,0.08,29.61,0.68,0.91,1027.3,50.73,30.91,2.34,253,5.06,3827153
1/19/2015,54.68,29.05,0.07,25.84,0.56,0.95,1028.61,54.68,32.85,3.3,358,1.42,4099085
1/20/2015,54.05,35.46,0.13,33.02,0.61,0.98,1023.94,54.05,40,4.39,122,6.91,4166022
1/21/2015,57.63,33.81,0.09,35.82,0.67,0.03,1022.62,57.63,38.9,2.22,282,6.03,4091559
1/22/2015,45.68,26.52,0.12,30.12,0.73,0.06,1026.55,45.68,31.48,2.02,322,5,4197553
1/23/2015,52.73,23.9,0.06,31.49,0.76,0.1,1022.76,52.73,27.74,1.49,112,4.12,4153027
1/24/2015,59.63,32.49,0.1,40.26,0.78,0.13,1021,59.63,36.85,1.36,99,5.47,3841539
1/25/2015,51.58,41.41,0.35,45.13,0.9,0.17,1021.68,51.58,44.16,0.79,287,3.43,3658452
1/26/2015,45.95,38.95,0.25,41.41,0.87,0.21,1024.99,47.27,42.67,1.26,10,5.75,3969836
1/27/2015,39.6,25.03,0.96,33.7,0.82,0.25,1030.36,45,32.63,2.88,32,10.23,4250943
1/28/2015,30.39,22.87,0.7,30.54,0.86,0.28,1030.63,36.85,31.9,3.36,47,8.55,4146675
1/29/2015,30.83,25.21,0.7,33.01,0.95,0.32,1028.87,36.22,32.52,2.72,21,7.04,4155199
1/30/2015,34.95,24.36,0.46,28.82,0.78,0.35,1033.1,39.63,31.9,2.48,339,7.31,4015565
1/31/2015,39.53,25.04,0.34,23.85,0.62,0.38,1036.95,40.9,31.27,5.84,8,7.23,3895604
2/1/2015,40.27,27.19,0.7,28.43,0.71,0.41,1034.88,40.27,33.84,6.04,50,4.66,3678729
2/2/2015,43.63,31.23,0.38,34.09,0.82,0.45,1032.73,43.63,34.22,3.82,51,4.33,3983918
2/3/2015,43.63,36.22,0.25,36.15,0.85,0.47,1031.76,43.63,37.5,2.87,344,3.71,3962811
2/4/2015,46.63,26.88,0.15,29.65,0.7,0.51,1030.08,46.63,31.48,1.79,300,5.78,3904604
2/5/2015,45,24.15,0.17,21.39,0.55,0.54,1032.37,45.05,29.9,4.34,328,7.07,3812319
2/6/2015,48,27.36,0.14,23.62,0.61,0.57,1028.02,48,29.56,4.51,199,2.47,3808081
2/7/2015,54.68,29.9,0.11,27.77,0.61,0.6,1025.35,54.68,29.9,3.26,316,1.52,3503405
2/8/2015,43,23.96,0.13,19.58,0.52,0.63,1034.66,43,28.81,5.34,8,11.12,3476838
2/9/2015,43,17.55,0.1,17.11,0.56,0.66,1033.63,43,24.58,5.63,26,2.26,3562045
2/10/2015,53.37,23.85,0.06,20.47,0.55,0.69,1023.31,53.37,23.85,5.3,196,2.73,3221193
2/11/2015,60.37,29.81,0.02,29.98,0.55,0.72,1015.79,60.37,33.58,4,247,6.21,2909801
2/12/2015,57.73,31.79,0.05,29.93,0.57,0.75,1019.26,57.73,35.48,2.71,346,2.81,2934951
2/13/2015,57.73,34.5,0.04,35.6,0.69,0.79,1020.92,57.73,37.58,2.28,109,5.79,2847925
2/14/2015,68.1,33.95,0.12,41.93,0.71,0.82,1017.75,68.1,38.85,2.09,136,6.43,2526925
2/15/2015,61.95,52.39,0.28,53.05,0.9,0.86,1015.14,61.95,52.39,2.21,210,3.51,2311930
2/16/2015,59,44.67,0.27,47.37,0.82,0.89,1019.28,59,44.67,1.99,301,6.16,2243961
2/17/2015,59.73,36.6,0.1,38.69,0.73,0.93,1022.19,59.73,40.9,1.52,66,5.15,2121020
2/18/2015,52.63,31.91,0.2,32.29,0.65,0.97,1027.97,52.63,36.94,3.4,57,8.49,1589939
2/19/2015,53.37,25.78,0.18,29.2,0.61,0.01,1027.76,53.37,32.22,5.51,90,9.66,1924576
2/20/2015,47.94,36.51,0.55,42.8,0.87,0.05,1018.29,48.53,42.33,3.72,127,8.98,1978058
2/21/2015,47.36,38.29,0.83,43.33,0.9,0.08,1017.76,48.53,44.02,2.11,303,6.41,2012807
2/22/2015,48,37.09,0.66,38.11,0.79,0.12,1023.02,48,40.9,2.19,354,4.64,2057151
2/23/2015,48,34.54,0.45,37.93,0.8,0.16,1021.98,49.37,38.37,3.23,88,5.71,2129969
2/24/2015,50.14,40.24,0.3,41.74,0.84,0.19,1018.98,50.14,43.11,3.14,105,5.37,2215586
2/25/2015,48.92,40.86,0.25,45.46,0.94,0.23,1017.68,48.92,45.32,2.72,88,3.97,2345116
2/26/2015,50.73,38.97,0.31,41.55,0.83,0.26,1022.93,50.73,43.09,2.42,56,7.93,2617715
2/27/2015,39.63,29.42,0.41,35.39,0.79,0.3,1027.38,45.32,38.15,4.68,83,13.5,2906772
2/28/2015,35.26,29.82,0.3,36.21,0.93,0.33,1026.05,39.63,36.93,4.48,34,8.09,1675678
3/1/2015,51.37,28.49,0.14,33.71,0.74,0.36,1026.88,51.37,34.85,3.98,301,6.46,2900464
3/2/2015,55.42,34.95,0.13,34.59,0.68,0.39,1018.19,55.42,34.95,3.33,147,6.12,3334082
3/3/2015,55.63,35.4,0.12,37.89,0.69,0.42,1017.64,55.63,40.47,3.6,317,6.46,3492606
3/4/2015,38.68,29.7,0.59,23.65,0.53,0.45,1027.92,44.37,34.88,7.12,39,7.35,3597890
3/5/2015,38.27,29.12,0.3,29.56,0.72,0.48,1027.38,40.27,36.01,5.64,70,7.87,1798044
3/6/2015,45.95,32.8,0.3,34.07,0.76,0.51,1024.89,45.95,36.37,4.8,51,4.03,1787992
3/7/2015,51.27,38.2,0.61,36.15,0.72,0.54,1023.81,51.27,38.2,3.72,114,4.29,3559113
3/8/2015,50,37.02,0.38,41.84,0.85,0.57,1020.3,50,41.3,3.72,100,3.33,2972454
3/9/2015,52.95,32.45,0.3,40.16,0.81,0.6,1029.15,52.95,38.53,3.34,5,8.97,3772564
3/10/2015,44.37,25.57,0.47,21.76,0.52,0.64,1033.73,44.37,32.49,7.18,45,6.52,3868938
3/11/2015,53.37,30.44,0.3,27.53,0.59,0.67,1026.93,53.37,30.44,4.83,174,2.77,3881363
3/12/2015,62.37,32.64,0.01,35.15,0.63,0.7,1020.98,62.37,34.95,3.65,184,4.41,3935078
3/13/2015,67.27,39.9,0.1,43.34,0.7,0.74,1019.1,67.27,42.24,3.28,199,2.8,3845654
3/14/2015,52.95,42.36,0.26,45.42,0.87,0.77,1022.61,52.95,46.33,1.58,77,7.51,3940997
3/15/2015,56.05,43.89,0.25,48.57,0.9,0.81,1020.59,56.05,45.51,1.91,97,6.86,3710792
3/16/2015,62.42,47.34,0.7,52.46,0.91,0.84,1017.4,62.42,49.59,2.53,115,6.22,3736062
3/17/2015,66.17,52.95,0.66,55.76,0.94,0.88,1011.48,66.17,52.95,1.45,100,5.99,3862429
3/18/2015,57.53,47.4,0.83,52.3,0.93,0.92,1010,57.53,49.29,2.8,324,6.97,3809448
3/19/2015,59.36,44.22,0.39,47.14,0.79,0.95,1017.59,59.36,48.53,2.66,2,5.06,3294148
3/20/2015,56.12,45.48,0.59,48.54,0.87,0.99,1020.55,56.12,49.03,2.34,47,4.12,2659507
3/21/2015,69.37,45.82,0.08,50.19,0.79,0.03,1020.95,69.37,47.22,2.3,259,3.31,3097831
3/22/2015,70,47.29,0.09,44.3,0.64,0.07,1024.08,70,48.63,3.07,78,5.21,3153864
3/23/2015,59.73,43.15,0.27,39.44,0.62,0.11,1028.5,59.73,46.99,5.59,77,10.63,3793539
3/24/2015,60.37,39.73,0.26,34.1,0.55,0.14,1033.04,60.37,43.17,6.65,100,9.03,3886598
3/25/2015,63.05,40.73,0.3,34.23,0.51,0.18,1032.95,63.05,44.1,7.86,112,11.17,3946979
3/26/2015,61,41.88,0.38,44.04,0.72,0.21,1030.61,61,45.84,5.84,104,9.58,3978091
3/27/2015,59.1,48.2,0.52,49.42,0.86,0.24,1026.47,59.1,48.81,3.42,68,3.3,3505012
3/28/2015,70.73,46.16,0.09,49.79,0.78,0.28,1018.61,70.73,47.41,2.96,185,2.95,3641733
3/29/2015,73.63,50.88,0.15,51.07,0.69,0.31,1016.86,73.63,50.88,2.89,136,4.38,3489199
3/30/2015,71.2,57.62,0.16,56.85,0.78,0.34,1012.52,71.2,57.62,3.5,137,8.93,3792338
3/31/2015,87.99,59.56,0.13,63.32,0.77,0.37,1009.86,85.37,59.56,3.58,155,3.8,3799367
4/1/2015,74.27,58.04,0.27,61.66,0.84,0.4,1010.02,74.27,58.04,2.23,75,10.19,3878931
4/2/2015,77.31,55.31,0.3,59.63,0.85,0.43,1000.71,77.31,55.31,3.25,172,4.37,3895444
4/3/2015,58.37,51.11,0.36,48.38,0.8,0.46,1009.77,58.37,51.11,2.71,44,7.29,3917458
4/4/2015,59.22,51.58,0.81,52.04,0.9,0.49,1010.24,59.22,51.58,2.28,72,3.9,3701865
4/5/2015,55.58,50.41,0.25,51.65,0.93,0.52,1015.13,55.58,50.41,1.75,41,5.61,3077103
4/6/2015,52.63,40.89,0.3,47.73,0.91,0.55,1022.57,52.63,45.95,3.37,25,9.52,3396784
4/7/2015,41.7,32.2,0.3,37.37,0.78,0.58,1029.68,46.32,38.27,6.17,23,9.12,3955773
4/8/2015,54,30.22,0.18,35.12,0.69,0.62,1028.56,54,36.85,4.54,16,4.35,3933520
4/9/2015,59.63,36.62,0.16,39.08,0.68,0.65,1024.17,59.63,38.38,4.07,103,4.78,3934117
4/10/2015,64,41.77,0.12,41.39,0.66,0.68,1024.1,64,42.78,4.03,36,2.98,3841726
4/11/2015,68,44.21,0.3,42.34,0.64,0.72,1024.32,68,44.21,3.3,106,5.65,3757337
4/12/2015,72,51.35,0.21,46.93,0.67,0.76,1020.46,72,51.35,4.03,10,1.1,3471838
4/13/2015,57.63,38.79,0.3,38.75,0.67,0.79,1020.54,57.63,44.48,5.1,292,12.15,3794991
4/14/2015,65.05,38.86,0.18,40.97,0.64,0.83,1014.84,65.05,45.57,4.49,276,11.55,3886747
4/15/2015,72.32,43.83,0.32,45.23,0.59,0.87,1010.68,72.32,47.22,5.25,206,5.82,3883621
4/16/2015,71.37,55.45,0.22,49.97,0.6,0.91,1013.38,71.37,55.45,4.62,0,2.48,3858169
4/17/2015,72.78,54.63,0.44,45.78,0.54,0.94,1013.29,72.78,54.63,5.83,119,11.15,3720202
4/18/2015,78.37,57.97,0.33,59.8,0.77,0.98,1007.12,78.37,57.97,3.8,141,4.44,3618044
4/19/2015,71.58,51.67,0.25,60.57,0.91,0.02,1006.9,71.58,51.67,2.47,350,4.8,3592847
4/20/2015,63.05,49.03,0.6,47.26,0.75,0.05,1014.43,63.05,49.03,4.72,342,9.77,3694081
4/21/2015,70,41.77,0.19,40.85,0.61,0.09,1018.77,70,42.33,4.06,244,0.7,3785960
4/22/2015,77.63,47.23,0.13,47.23,0.62,0.13,1020.88,77.63,47.23,4.62,166,2.18,3822967
4/23/2015,79.57,55.63,0.1,45.79,0.51,0.16,1020.24,81.05,55.63,4.85,156,5.2,3907020
4/24/2015,78.47,56.66,0.17,51.59,0.62,0.19,1019.99,78.47,56.66,3.66,139,2.57,3854392
4/25/2015,80.56,52.95,0.1,49.98,0.59,0.22,1019.94,82,52.95,3.43,131,3.81,3801188
4/26/2015,80.82,57.53,0.12,48.15,0.49,0.26,1017.3,83.05,57.53,4.59,142,7.63,3606876
4/27/2015,82.5,59.22,0.28,56.95,0.62,0.29,1010.85,82.42,59.22,5.41,157,6.43,3827721
4/28/2015,88.53,62.67,0.15,63.45,0.72,0.32,1007.53,87.37,62.67,3.62,221,2.8,3921793
4/29/2015,70.1,59.19,0.26,59.46,0.84,0.35,1013.01,70.1,59.19,4,336,6.01,3903749
4/30/2015,80.36,55.58,0.1,57.1,0.72,0.38,1013.49,80.37,55.58,3.22,79,2.32,3807190
5/1/2015,82.62,59.63,0.09,60.17,0.74,0.41,1010.28,81.78,59.63,3.31,111,8.78,2893128
5/2/2015,72.05,60.8,0.44,63.44,0.9,0.44,1006.54,72.05,60.8,2.82,123,3.43,2988003
5/3/2015,76.37,56.9,0.2,58.93,0.78,0.47,1012.13,76.37,56.9,3.2,326,6.72,3501631
5/4/2015,72.95,57.17,0.21,53.32,0.67,0.51,1015.94,72.95,57.17,3.7,56,5.94,3785149
5/5/2015,77.73,52.23,0.36,46.23,0.52,0.53,1011.79,77.73,52.23,6.53,133,5.87,3908821
5/6/2015,73.58,61,0.4,57.24,0.71,0.57,1009.11,73.58,61,4.13,114,4.73,3920908
5/7/2015,82.66,58.26,0.23,60.95,0.74,0.6,1011.77,81,58.26,2.59,138,4.67,3900211
5/8/2015,76.27,62.11,0.44,61.94,0.81,0.63,1008.71,76.27,62.11,2.5,118,7.17,3893473
5/9/2015,72.05,61.34,0.28,61.02,0.85,0.67,1012.76,72.05,61.34,3.61,68,6.03,3756578
5/10/2015,75.73,58.57,0.2,59.67,0.77,0.71,1013.7,75.73,58.57,3.32,108,9.77,3488394
5/11/2015,68,55.94,0.43,59.47,0.9,0.74,1009.59,68,55.94,3.68,236,4.06,3768083
5/12/2015,79,55,0.01,51.16,0.61,0.78,1009,79,55,5.71,248,12.12,3833756
5/13/2015,84.13,56.9,0.3,54.9,0.57,0.82,1006.32,85.37,56.9,7.36,201,7.31,3944756
5/14/2015,94.39,71.46,0.38,68.49,0.72,0.86,1006.91,87.47,71.46,6.36,210,7.4,4113033
5/15/2015,74.37,61.52,0.53,68.43,0.94,0.89,1008.98,74.37,61.52,3.85,60,0.97,3925658
5/16/2015,76.37,59.5,0.19,54.54,0.66,0.93,1013.53,76.37,59.5,4.35,55,4.78,3753444
5/17/2015,79.73,60.55,0.18,56.96,0.64,0.97,1008.12,79.73,60.55,4.53,126,7.09,3545599
5/18/2015,76.15,65.98,0.57,68.43,0.92,0.01,1004.09,76.15,65.98,1.69,104,0.94,3747294
5/19/2015,88.41,67.21,0.27,69.13,0.83,0.04,1006.66,84,67.21,2,132,3.62,3901643
5/20/2015,80.42,60.41,0.32,54.85,0.6,0.08,1013.49,82,60.41,4.09,40,7.79,3878744
5/21/2015,77.73,55.79,0.25,49.26,0.55,0.11,1016.02,77.73,55.79,7.23,105,7.01,3834144
5/22/2015,79.73,60.13,0.4,57.67,0.65,0.14,1011.89,79.73,60.13,5.5,119,6.47,3873964
5/23/2015,74.05,65.59,0.26,63.42,0.8,0.17,1009.5,74.05,65.59,3.8,96,4.73,3857605
5/24/2015,80.8,65.12,0.36,61.5,0.72,0.2,1009.22,80.42,65.12,4.21,89,4.75,3658025
5/25/2015,83.2,63.27,0.15,61.71,0.7,0.23,1009.97,83.05,63.27,3.9,112,5.96,3894369
5/26/2015,81.32,65.42,0.31,58.1,0.6,0.26,1010.08,80.37,65.42,4.52,113,8.3,3932831
5/27/2015,75.63,66.8,0.25,62.8,0.78,0.29,1006.42,75.63,66.8,3.91,103,7.61,3943848
5/28/2015,77.73,67.19,0.25,68.42,0.89,0.32,1005.06,77.73,67.19,2.61,74,5.25,3980124
5/29/2015,73.58,69.19,0.3,68.74,0.92,0.35,1004.56,73.58,69.19,2.77,104,7.16,3919808
5/30/2015,77.73,67.57,0.39,67.78,0.87,0.38,1007.17,77.73,67.57,3.52,341,5.63,3660404
5/31/2015,83.93,65.39,0.18,63.99,0.74,0.42,1008.73,83.78,65.39,3.69,106,3.4,3409681
6/1/2015,94.6,66.21,0.17,68.41,0.76,0.45,1006.51,88.1,66.21,2.15,128,6.57,3678089
6/2/2015,77.1,69.35,0.5,73.04,0.96,0.48,1004.49,77.1,69.35,1.79,107,4.91,3765956
6/3/2015,76.41,64.63,0.61,61.69,0.74,0.52,1012.41,76.41,64.63,5.19,44,6.6,3715689
6/4/2015,78.16,60.26,0.56,53.77,0.6,0.55,1010.15,78.16,60.26,6.96,123,4.75,3717902
6/5/2015,84.23,60.52,0.13,60.06,0.67,0.58,1006.18,83.71,60.52,5.19,237,4.69,3712017
6/6/2015,89.29,65.9,0.18,62.69,0.62,0.62,1007.76,90.04,65.9,4.02,153,7.17,3748581
6/7/2015,77.7,71.07,0.19,67.12,0.79,0.66,1007.87,77.7,71.07,4.18,130,6.62,3505473
6/8/2015,77.74,70.49,0.28,69.57,0.88,0.69,1005.45,77.74,70.49,3.22,48,2.27,3804096
6/9/2015,84.84,70,0.2,68.11,0.8,0.73,1005.99,81.68,70,3.47,151,4.16,3931900
6/10/2015,85.88,70.63,0.36,70.34,0.85,0.77,1003.99,81.05,70.63,3.43,147,4.75,4026655
6/11/2015,90.52,73.58,0.19,65.41,0.63,0.81,1002.98,90.05,73.58,4.49,244,8.5,4029529
6/12/2015,95.03,71.58,0.32,63.58,0.56,0.85,1004.73,95,71.58,4.75,229,7.54,4045499
6/13/2015,96.62,77.54,0.26,69.09,0.64,0.88,1003.58,90.68,77.54,5.3,223,7.57,3981977
6/14/2015,95.83,73.63,0.34,69.22,0.68,0.92,1006.8,90.68,73.63,4.96,219,4.52,3786307
6/15/2015,84.8,72.3,0.34,70.29,0.84,0.95,1007.74,80.37,72.3,3.07,111,3.7,4025300
6/16/2015,73,68.63,0.25,68.92,0.95,0.98,1005.54,73,68.63,2.2,87,6.88,3880740
6/17/2015,72.85,68.04,0.25,69.67,0.97,0.03,1002.16,72.85,68.04,3.37,76,4.19,3732340
6/18/2015,79.78,66.49,0.47,66.9,0.83,0.06,1005.96,79.78,66.49,4.99,56,4.78,3780395
6/19/2015,88.04,67.96,0.14,67.57,0.77,0.09,1008.34,84.42,67.96,3.69,129,4.31,3900360
6/20/2015,89.72,70,0.16,68.97,0.77,0.12,1009.08,86.1,70,3.05,109,3.7,3292730
6/21/2015,78.58,70.23,0.27,69.18,0.86,0.15,1009.42,78.58,70.23,2.48,117,4.86,3416254
6/22/2015,79.73,69.37,0.25,70.15,0.9,0.18,1007.2,79.73,69.37,3.17,113,5.57,3724890
6/23/2015,88.61,72.09,0.67,72.86,0.89,0.21,1008.25,81.95,72.09,2.36,77,6.81,3752153
6/24/2015,105.92,73.44,0.67,75.24,0.89,0.24,1004.57,90,73.44,2.06,83,6.81,3883363
6/25/2015,113.09,75.38,0.3,76.96,0.84,0.27,999.34,95,75.38,4.05,239,6.53,4029993
6/26/2015,76.97,72.95,0.3,72.73,0.94,0.3,1001.91,76.97,72.95,4.16,3,2.13,3961676
6/27/2015,73.63,70.25,0.3,70.67,0.96,0.33,1004.8,73.63,70.25,4.26,83,7.96,3732367
6/28/2015,73.84,69.29,0.3,70.11,0.95,0.37,1007.78,73.84,69.29,4.19,90,8.22,3459483
6/29/2015,94.43,71.78,0.41,73.93,0.94,0.4,1003.54,83.05,71.78,2.45,116,4.44,3775745
6/30/2015,96.87,70.08,0.29,74.3,0.92,0.43,999.74,83.85,70.08,3.76,298,4.61,3911804
7/1/2015,87.53,68.39,0.27,69.51,0.83,0.46,1000.97,83.05,68.39,3.99,231,1.39,2692956
7/2/2015,92.14,71.07,0.14,71.27,0.8,0.49,1002.51,86.73,71.07,3.07,152,2.92,3642866
7/3/2015,90.53,72.33,0.2,71.04,0.8,0.54,1005.94,85.37,72.33,1.66,93,5.34,4044005
7/4/2015,79.3,69.37,0.26,65.94,0.76,0.57,1009.18,79.3,69.37,3.85,128,4.89,3826577
7/5/2015,78.08,67.79,0.28,64.48,0.77,0.61,1010.26,78.08,67.79,4.87,115,6.95,3552897
7/6/2015,70.36,64,0.42,63.35,0.89,0.65,1010.71,70.36,64,4.11,59,5.27,3797621
7/7/2015,76.15,64,0.29,64.78,0.84,0.68,1008.91,76.15,64,4.18,27,6.84,3198852
7/8/2015,74.25,68.37,0.45,68.53,0.91,0.72,1009.91,74.25,68.37,3.1,28,5.02,3812753
7/9/2015,79,69.58,0.25,71.71,0.91,0.76,1010.65,79,69.58,2.55,41,6.9,3959028
7/10/2015,98.53,74.16,0.3,74.56,0.84,0.8,1008.81,87.37,74.16,4.3,51,11.67,4067013
7/11/2015,79.1,74.81,0.3,73.43,0.89,0.83,999.77,79.1,74.81,5.17,31,18.07,3851053
7/12/2015,96.08,73.63,0.3,73.23,0.83,0.87,996.26,87.37,73.63,5.72,286,11.12,3511131
7/13/2015,105.72,74.27,0.1,75.27,0.77,0.91,1001.14,93,74.27,3.32,222,3.36,4034339
7/14/2015,105.18,76.93,0.12,75.33,0.75,0.94,1002.62,93,76.93,2.81,121,3.91,3550189
7/15/2015,100.89,76.16,0.19,73.6,0.75,0.97,1002.68,92.05,76.16,2.85,102,6.99,4018448
7/16/2015,92.54,76.07,0.31,73.43,0.8,0.02,1002.32,84.63,76.07,3.84,107,9.26,4248386
7/17/2015,79.95,74.94,0.3,74.19,0.9,0.04,1003.76,79.95,74.94,3.19,110,9.08,4095465
7/18/2015,90.76,73.78,0.3,74.34,0.89,0.07,1004.89,83.27,73.78,3.79,117,7.67,3950332
7/19/2015,89.57,74.18,0.8,74.22,0.91,0.1,1006.94,82.48,74.18,3.11,88,7.12,3765951
7/20/2015,96.42,74.66,0.25,75.47,0.88,0.13,1006.82,85.27,74.66,2.69,82,4.4,4112606
7/21/2015,100.22,76.69,0.52,76.34,0.85,0.16,1005.9,86.73,76.69,2.92,90,4.96,4276542
7/22/2015,104.1,76.33,0.61,77.18,0.86,0.19,1004.77,90,76.33,2.76,92,4.32,4102868
7/23/2015,100.06,77.31,0.56,77.56,0.91,0.22,1004.35,86.63,77.31,2.03,93,1.64,4145418
7/24/2015,98.99,76.98,0.41,77.57,0.9,0.25,1002.98,85.9,76.98,3.51,196,4.38,4212612
7/25/2015,103.52,77.19,0.42,78.53,0.9,0.28,1003.99,87.48,77.19,3.79,167,0.8,4039046
7/26/2015,109.6,78.25,0.19,79.39,0.87,0.32,1005.82,91.58,78.25,4.39,181,2.17,3788798
7/27/2015,113.97,88.06,0.22,79.82,0.79,0.35,1007.41,94.9,80.11,4.77,216,4.76,4257147
7/28/2015,111.61,91.04,0.4,77.91,0.71,0.38,1007.37,96.58,81.8,5.74,212,4.86,4349349
7/29/2015,108.63,79.85,0.3,76.73,0.69,0.41,1006.83,96.58,79.85,6.61,219,5.78,4326839
7/30/2015,107.84,78.27,0.3,74.42,0.66,0.45,1007.12,94.27,78.27,7.04,206,6.49,4295408
7/31/2015,107.32,86.89,0.3,75.26,0.68,0.48,1007.43,96.58,80.58,6.47,214,6.02,4225719
8/1/2015,112.22,79.91,0.4,77.21,0.74,0.53,1008.5,97.95,79.91,5.46,170,2.51,3679973
8/2/2015,113.91,87.51,0.17,77.6,0.7,0.56,1007.89,99,80.33,5.69,178,4.74,3513088
8/3/2015,114.47,90.13,0.1,76.73,0.67,0.6,1006.04,99,81.95,6.12,186,5.93,4109362
8/4/2015,110.63,86.5,0.3,74.65,0.63,0.64,1004.86,100,80.58,6.68,204,5.79,4249464
8/5/2015,110.14,88.39,0.28,75.91,0.68,0.67,1004.69,97.95,81.15,5.71,165,4.97,4287459
8/6/2015,109.99,79.47,0.2,75.29,0.7,0.71,1006.41,98.42,79.47,5.56,137,9.72,4402083
8/7/2015,110.41,87.29,0.27,77.09,0.76,0.75,1009.94,95.1,80.26,5.73,102,8.5,4369295
8/8/2015,104.27,88.99,0.3,77.83,0.82,0.79,1009.83,92.05,81.05,6.29,87,10.99,4161898
8/9/2015,95.38,79.95,0.77,77.89,0.88,0.82,1007.69,83.9,79.95,5.72,78,13.31,3787603
8/10/2015,91.07,76.9,0.3,77.34,0.94,0.86,1004.07,81.32,76.9,4.62,109,10.84,4041268
8/11/2015,91.61,74.27,0.59,73.19,0.85,0.89,1004.11,84,74.27,5.97,266,6.94,3903333
8/12/2015,93.41,71.58,0.19,72.34,0.8,0.92,1008.27,87.27,71.58,5.09,300,1.79,4085366
8/13/2015,90.18,74.85,0.24,72.13,0.8,0.95,1007.62,84.63,74.85,3.33,146,2.86,4168955
8/14/2015,98.88,73.4,0.13,71.08,0.73,0.98,1006.02,90.68,73.4,3.65,122,5.29,4214550
8/15/2015,100.53,74.77,0.28,74.57,0.8,0.02,1005.85,88,74.77,3.6,102,6.5,4047430
8/16/2015,96.89,76.73,0.45,75.41,0.86,0.05,1006.1,86.73,76.73,3.14,77,4.23,3817657
8/17/2015,95,73.77,0.26,71.92,0.75,0.08,1008.44,88.63,73.77,4.03,71,4.77,4155488
8/18/2015,94.13,74.27,0.33,72.76,0.79,0.11,1010.1,88,74.27,3.71,94,7.31,4015123
8/19/2015,98.68,76.27,0.69,74.44,0.8,0.14,1009.62,88.22,76.27,3.95,97,8.57,3948699
8/20/2015,89.15,75.41,0.83,74.88,0.92,0.17,1007.33,81,75.41,3.8,250,2.12,3869580
8/21/2015,88.77,74.27,0.34,73.48,0.85,0.2,1006.74,82.91,74.27,4.77,9,3.2,3343687
8/22/2015,79.73,73.04,0.3,72.08,0.87,0.23,1006.21,79.73,73.04,4.19,84,2.99,3858150
8/23/2015,88.95,70.22,0.27,71.16,0.85,0.26,1005.85,83.15,70.22,4.11,45,6.45,3624080
8/24/2015,79.15,73.71,0.3,71.45,0.86,0.3,1004.86,79.15,73.71,4.94,3,8.54,3761623
8/25/2015,89.59,70.95,0.23,70.34,0.81,0.33,1006.52,85.37,70.95,4.47,303,7.11,3909831
8/26/2015,92.08,71.52,0.17,70.21,0.77,0.37,1009.1,88.73,71.52,2.89,253,3.47,4011378
8/27/2015,92.68,72.22,0.16,69.4,0.74,0.4,1009.43,90,72.22,3.67,204,0.99,4029224
8/28/2015,91.08,70.35,0.09,69.43,0.75,0.44,1008.89,88.63,70.35,3.74,61,2.29,3487881
8/29/2015,92.05,73.32,0.15,71,0.76,0.47,1008.23,88.1,73.32,2.68,74,4.27,3867982
8/30/2015,93.41,71.96,0.15,70.68,0.76,0.51,1009.57,89.37,71.96,2.74,81,3.76,3811394
8/31/2015,91.42,72.03,0.13,71.38,0.78,0.55,1009.86,86.73,72.03,2.64,94,4.11,4109812
9/1/2015,95,72.98,0.14,71.31,0.77,0.59,1009.37,89.37,72.98,3.01,124,3.86,4066668
9/2/2015,90.4,72.84,0.16,69.06,0.74,0.63,1011.77,88,72.84,3.78,304,1.46,3925296
9/3/2015,90.31,68.85,0.14,67.5,0.71,0.66,1013.88,88.63,68.85,4.33,335,2.26,3177414
9/4/2015,96.67,71.4,0.23,71.6,0.77,0.7,1011.89,89.37,71.4,2.69,120,6.05,3566662
9/5/2015,86.73,73.95,0.36,73.74,0.88,0.74,1005.82,81.95,73.95,4.2,282,5.49,3757287
9/6/2015,89.13,70.95,0.19,69.64,0.79,0.77,1008.25,84.63,70.95,4.31,331,6.36,3841049
9/7/2015,85.97,70.95,0.2,67.8,0.75,0.81,1011.88,84.63,70.95,5.71,13,6.24,4018482
9/8/2015,85.6,69.91,0.21,66.32,0.72,0.84,1014.47,84,69.91,5.94,62,4.81,3691852
9/9/2015,83.45,68.74,0.18,63.84,0.69,0.87,1016.16,83.37,68.74,5.63,59,5.37,3918906
9/10/2015,83.95,67.57,0.19,63.14,0.69,0.9,1016,84,67.57,5.84,51,3.21,3929441
9/11/2015,86.19,67.41,0.22,65.13,0.72,0.94,1013.23,85.27,67.41,4.72,40,1.82,3927760
9/12/2015,75.73,64.58,0.23,62.34,0.75,0.97,1016.51,75.73,64.58,3.71,313,6.95,3633339
9/13/2015,79.63,60.34,0.56,54.92,0.63,1,1019.8,79.63,60.34,6.84,9,2.49,3447496
9/14/2015,81.64,64.33,0.41,61.04,0.68,0.03,1018.64,81,64.33,6.35,106,5.29,3713833
9/15/2015,72.47,65.27,0.46,65.16,0.88,0.06,1017.65,72.47,65.27,4.99,75,3.22,3832844
9/16/2015,79.73,65.27,0.34,63.72,0.78,0.09,1017.26,79.73,65.27,5.13,5,6.19,3749554
9/17/2015,79.63,63.22,0.19,63.04,0.76,0.12,1018.48,79.63,63.22,4.81,4,4.39,3946919
9/18/2015,82.13,64.63,0.21,63.71,0.76,0.15,1017.46,81.68,64.63,3.93,30,2.14,3975839
9/19/2015,83.78,68.63,0.13,63.92,0.71,0.18,1015.13,83.37,68.63,4.36,53,3.18,3820881
9/20/2015,81.25,67.79,0.17,64.06,0.75,0.21,1013.53,80.37,67.79,3.89,70,3.93,3608073
9/21/2015,83.2,64.58,0.17,63.29,0.73,0.25,1013.41,83.05,64.58,3.6,100,5.64,3957586
9/22/2015,79.73,68.43,0.43,67.79,0.8,0.28,1011.95,79.73,68.43,4.24,125,6.26,4039707
9/23/2015,82.61,69.19,0.43,68.46,0.84,0.32,1008.68,80.37,69.19,4.12,305,4.42,4017043
9/24/2015,83.06,66.53,0.2,66.93,0.8,0.35,1008.8,81,66.53,4.41,12,4.39,4037352
9/25/2015,83.26,69.85,0.26,68.48,0.83,0.39,1008.99,81.05,69.85,3.69,25,4.73,4040154
9/26/2015,83.68,66.63,0.13,65.93,0.77,0.43,1012.98,82.63,66.63,3.25,38,5.06,3497499
9/27/2015,82.56,65.93,0.2,63.44,0.74,0.46,1014.74,82,65.93,3.86,44,6.49,3356801
9/28/2015,83.6,64.34,0.3,65.13,0.77,0.5,1016.21,81.78,64.34,5.01,61,8.13,3873351
9/29/2015,73.81,70.22,0.3,68.95,0.91,0.54,1018.02,73.81,70.22,4.89,66,11.98,4000522
9/30/2015,95.31,71.58,0.3,74.84,0.93,0.58,1012.77,84,71.58,3.57,108,7.25,4542677
10/1/2015,74.22,59.85,0.5,61.79,0.77,0.61,1013.39,74.22,59.85,4.75,284,9.24,2841489
10/2/2015,76.27,54.85,0.09,52.72,0.68,0.65,1017.99,76.27,54.85,5.57,208,1.99,2776441
10/3/2015,78.58,57.85,0.18,58.35,0.74,0.69,1020.39,78.58,57.85,4.37,103,2.24,2754225
10/4/2015,77.73,64.48,0.27,63.08,0.82,0.72,1024.06,77.73,64.48,3.67,91,6.29,3016213
10/5/2015,72.59,64.63,0.51,61.91,0.83,0.76,1022.33,72.59,64.63,5.15,96,4.05,3443517
10/6/2015,74.32,64.2,0.3,64.59,0.86,0.79,1019,74.32,64.2,4.38,105,6.43,3629157
10/7/2015,71.58,66.62,0.83,65.14,0.87,0.82,1014.08,71.58,66.62,3.63,113,8.07,3669034
10/8/2015,67.68,63.85,0.55,63.01,0.92,0.85,1015.46,67.68,63.85,3.31,52,4.83,4002839
10/9/2015,73.63,57.17,0.12,55.34,0.74,0.88,1015.76,73.63,57.17,3.65,288,3.87,3773217
10/10/2015,75.63,56.13,0.19,51.63,0.66,0.91,1015.55,75.63,56.13,4.26,277,6.26,3718483
10/11/2015,72.68,50.32,0.04,45.06,0.62,0.94,1021.03,72.68,50.32,4.73,293,4.43,3236485
10/12/2015,73.63,50.18,0.03,46.3,0.64,0.97,1023.34,73.63,50.18,3.98,288,1.87,3676439
10/13/2015,77,50.22,0.06,49.76,0.67,0.01,1023.39,77,50.22,3.63,200,0.86,3708587
10/14/2015,76.37,55.5,0.1,52.49,0.69,0.04,1020.63,76.37,55.5,2.92,135,3.67,3748435
10/15/2015,80.54,53.48,0,55.95,0.73,0.07,1018.39,80.37,53.48,2.59,130,3.12,3538810
10/16/2015,79.73,56.85,0.02,58.52,0.76,0.1,1019.17,79.73,56.85,2.03,90,2.38,3807975
10/17/2015,79,57.87,0.02,56.88,0.73,0.13,1020.14,79,57.87,2.98,81,4.75,3802147
10/18/2015,77,55.96,0.1,56.92,0.75,0.16,1020.19,77,55.96,3.53,71,5.13,3521948
10/19/2015,76.27,56.96,0.17,57.03,0.74,0.2,1017.21,76.27,56.96,3.64,64,4.75,3719963
10/20/2015,77.63,60.43,0.09,58.61,0.75,0.23,1015.43,77.63,60.43,3.88,79,4.78,3608500
10/21/2015,77.63,60.91,0.16,60.45,0.78,0.27,1017.31,77.63,60.91,3.48,70,5.97,3926344
10/22/2015,78.27,59.22,0.2,61.75,0.82,0.3,1019.13,78.27,59.22,2.37,75,5.49,3926220
10/23/2015,78.37,62.71,0.17,62.03,0.8,0.34,1018.09,78.37,62.71,2.95,88,4.76,3914699
10/24/2015,78.37,59.85,0.18,63.17,0.82,0.38,1019.82,78.37,59.85,2.53,64,5.87,3945502
10/25/2015,75,63.25,0.43,61.35,0.79,0.41,1021.72,75,63.25,3.02,76,8.64,3512930
10/26/2015,79,61.95,0.46,62.53,0.82,0.45,1016.9,79,61.95,2.8,109,2.76,3750753
10/27/2015,66.08,52.07,0.15,49.15,0.7,0.49,1019.9,66.08,52.07,3.37,298,9.68,3929170
10/28/2015,64.63,48.85,0.28,47.84,0.71,0.53,1022.2,64.63,48.85,4.08,102,0.48,3838921
10/29/2015,61.73,56.27,0.19,54.24,0.85,0.56,1023.07,61.73,56.27,2.85,30,5.1,3915735
10/30/2015,64,53.56,0.29,48.68,0.69,0.6,1028.64,64,53.56,5.36,21,8.2,3840502
10/31/2015,64.63,52.26,0.51,43.44,0.6,0.64,1031.13,64.63,52.26,6.96,27,5.97,3232390
11/1/2015,61.15,47.85,0.18,47.56,0.77,0.67,1026.9,61.15,47.85,4.52,308,2.86,3443912
11/2/2015,65.37,45.22,0.02,43.6,0.71,0.7,1026.3,65.37,45.22,2.74,252,2.06,3599595
11/3/2015,68,44.58,0.08,47.77,0.75,0.74,1026.52,68,44.58,2.41,115,6.31,3796895
11/4/2015,66.88,54.85,0.15,56.91,0.85,0.77,1023.6,66.88,54.85,2.38,115,4.66,3903614
11/5/2015,70.95,59.85,0.19,62.42,0.91,0.8,1020.86,70.95,59.85,1.69,95,4.46,3920772
11/6/2015,83.69,65.27,0.2,66.9,0.86,0.83,1016.64,81.05,65.27,3.68,136,7.59,3910196
11/7/2015,70.63,51.48,0.7,56.6,0.93,0.86,1018.3,70.63,51.48,3.39,295,4.41,3819933
11/8/2015,52.8,45.8,0.25,49.74,0.95,0.89,1022.08,52.8,48.85,1.54,311,7.36,3500779
11/9/2015,54.95,45.59,0.25,46.78,0.83,0.92,1026.08,54.95,49.6,2.24,317,8.86,3382794
11/10/2015,61,44.98,0.25,43.85,0.71,0.95,1027.64,61,46.63,3.73,30,4.89,3347273
11/11/2015,60.58,50.63,0.32,47.73,0.75,0.98,1027.25,60.58,50.63,5,64,7.72,3452265
11/12/2015,58.49,54.71,0.48,54.53,0.92,0.02,1024.47,58.49,54.71,2.07,63,4.97,3407477
11/13/2015,57.63,54.26,0.25,54.24,0.93,0.04,1018.2,57.63,54.26,2.45,267,5.43,3528801
11/14/2015,61.95,52.11,0.18,50.22,0.8,0.08,1018.67,61.95,52.11,1.69,288,5.22,3377359
11/15/2015,68,48.02,0.21,52.25,0.81,0.11,1018.83,68,48.51,1.6,100,5.52,3377554
11/16/2015,62.58,57.02,0.39,57.65,0.91,0.14,1016.04,62.58,57.02,1.81,245,0.53,3697464
11/17/2015,58.9,54.95,0.25,55.56,0.94,0.18,1018.93,58.9,54.95,1.84,31,6.76,3862200
11/18/2015,58.27,53.58,0.25,53.96,0.92,0.21,1021.73,58.27,53.58,2.77,10,8.33,3854823
11/19/2015,54.95,52.78,0.25,51,0.9,0.25,1023.61,54.95,52.78,2.8,44,4.24,3913774
11/20/2015,59,52.7,0.81,52.62,0.89,0.29,1024.37,59,52.7,2.62,43,4.97,3903341
11/21/2015,60.27,55.84,0.25,56.93,0.94,0.32,1024.55,60.27,55.84,1.76,76,5.91,3820628
11/22/2015,65.27,58.9,0.25,59.95,0.94,0.36,1023.46,65.27,58.9,2.51,90,5.79,3198030
11/23/2015,62.58,53.07,0.25,54.61,0.96,0.4,1025.21,62.58,53.07,2.41,350,7.53,3939268
11/24/2015,56.22,34.7,0.3,46.97,0.92,0.44,1027.25,56.22,41.75,3.72,32,10.52,4025841
11/25/2015,34.71,27.78,0.3,35.34,0.87,0.47,1028.18,41.12,35.79,3.87,312,11.63,3608402
11/26/2015,39.63,20.27,0.19,22.06,0.64,0.52,1031.02,39.63,28.18,4.96,302,12.63,4160858
11/27/2015,45,16.02,0.11,20.93,0.6,0.55,1030.44,45,24.52,4.72,313,1.62,4169118
11/28/2015,59,33.68,0.16,33.64,0.63,0.58,1028.36,59,36.28,4.07,138,1.5,3927863
11/29/2015,58.78,43.95,0.1,44.59,0.82,0.62,1026.11,58.78,43.95,2.73,229,1.3,3566745
11/30/2015,59.63,38.36,0.16,45.65,0.86,0.65,1025.09,59.63,40.35,1.57,79,1.57,3782338
12/1/2015,64,50.67,0.17,50.96,0.81,0.68,1021.36,64,50.67,2.15,123,5.66,3876643
12/2/2015,57.63,40.27,0.17,43.17,0.73,0.71,1022.55,57.63,43.53,2.72,308,6.31,3998786
12/3/2015,54.32,32.12,0.04,25.33,0.52,0.74,1026.28,54.32,36.85,4.63,280,8.31,4030378
12/4/2015,52.73,25.3,0.32,23.82,0.54,0.77,1030.14,52.73,32.85,5.96,281,3.82,3872078
12/5/2015,45.95,35.58,0.29,34.01,0.76,0.8,1029.4,45.95,37.55,3.66,216,1.42,3701451
12/6/2015,47.35,35.43,0.15,36.72,0.82,0.83,1030.63,49.44,37.12,2.09,293,3.45,3723541
12/7/2015,55.63,29.91,0.05,37.09,0.83,0.86,1031.81,55.63,33.27,2.04,13,1.64,3983834
12/8/2015,57,33.97,0.14,39.24,0.76,0.89,1031.48,57,36.94,4.06,97,6.61,4140712
12/9/2015,53.58,44.2,0.49,47.61,0.88,0.92,1024.18,53.58,47.54,2.51,92,3.86,4068916
12/10/2015,55,46.26,0.25,49.76,0.92,0.95,1019.01,55,49.9,1.33,299,7.56,4232933
12/11/2015,51.27,35.51,0.38,41.01,0.8,0.98,1024.26,51.27,38.27,2.54,344,8.01,4208018
12/12/2015,51.58,32.39,0.11,35.41,0.75,0.03,1024.74,51.58,34.95,3.65,47,3.46,4001223
12/13/2015,44.99,39.9,0.28,40.7,0.85,0.06,1024.07,47.27,42.13,2.37,340,4.27,3856921
12/14/2015,48.63,34.35,0.15,35.5,0.72,0.09,1024.6,48.63,40.76,1.79,298,6.52,4117837
12/15/2015,51.37,36.76,0.11,32.57,0.64,0.12,1026.53,51.37,39.38,2.02,301,6.37,3315516
12/16/2015,37.35,26.09,0.16,18.34,0.46,0.16,1031.33,43.95,32.95,5.62,316,10.22,4269798
12/17/2015,36.21,18.05,0.3,15.66,0.52,0.2,1035.18,42.37,25.85,7.09,314,7.3,4316805
12/18/2015,46.58,18.08,0.04,20.82,0.61,0.24,1035.26,46.58,23.85,4.7,25,1.66,4348796
12/19/2015,47.9,27.13,0.13,32.21,0.71,0.27,1033.51,49.27,30.53,3.63,82,4.75,4117298
12/20/2015,45.85,37,0.35,41.73,0.93,0.31,1027.95,45.85,39.85,1.52,256,1.97,3969676
12/21/2015,45.05,28.05,0.18,37.27,0.87,0.35,1028.13,48.63,34.12,1.11,38,3.21,4170567
12/22/2015,54.85,38.56,0.17,44.97,0.89,0.38,1024.39,54.85,42.14,1.31,108,3.43,3869879
12/23/2015,50,41.41,0.29,44.74,0.9,0.42,1023.28,50,45.53,0.89,332,4.89,4167805
12/24/2015,47.9,41.51,0.25,45.49,0.94,0.46,1024.57,48.63,43.33,1.55,12,6.31,4320650
12/25/2015,51.37,37.68,0.11,38.11,0.79,0.48,1025.32,51.37,39.6,1.39,278,4.87,4294518
12/26/2015,57.73,33.17,0.03,37,0.75,0.53,1022.75,57.73,37.38,1.9,222,4.97,3874950
12/27/2015,42.96,31.88,0.28,37.39,0.81,0.56,1032.15,47.9,36.89,3.22,30,8.39,3905750
12/28/2015,42.49,30.33,0.2,30.06,0.71,0.6,1037.26,45.68,33.15,5.04,25,5.32,4105261
12/29/2015,49.27,29.54,0.07,31.53,0.74,0.63,1033.56,49.27,31.3,2.5,78,1.37,4255276
12/30/2015,52.63,32.22,0.07,34.83,0.78,0.66,1030.84,52.63,32.22,1.93,265,3.27,4170536
12/31/2015,49.27,22.78,0.02,31.4,0.75,0.69,1035.42,49.37,30.8,1.54,356,4.11,4020591
1/1/2016,54,29.07,0.08,33.27,0.74,0.72,1030.23,54,29.85,1.79,141,4.8,3232705
1/2/2016,61.63,39.45,0.11,38.57,0.68,0.75,1022.93,61.63,41.85,2.63,232,2.84,3400311
1/3/2016,63.05,45.11,0.08,46.46,0.82,0.78,1020.82,63.05,45.11,2.04,175,0.75,3641332
1/4/2016,55.58,44.24,0.31,48.09,0.88,0.81,1022.19,55.58,48.25,1.24,53,6.37,4010378
1/5/2016,47.07,39.01,0.3,43.48,0.88,0.84,1025.22,49.9,43.1,3.93,56,11.1,4114238
1/6/2016,46.16,38.95,0.56,39.07,0.79,0.87,1028.17,47.56,42.92,4.03,47,6.1,4228910
1/7/2016,43.73,34.42,0.3,36.27,0.8,0.9,1029.5,44.58,37.35,2.73,351,4.61,4271151
1/8/2016,45.32,25.3,0.15,28.1,0.67,0.93,1028.48,46,32.85,2.67,340,3.76,4064567
1/9/2016,48.63,30.53,0.12,30.55,0.7,0.96,1027.04,48.63,30.53,2.08,107,2.97,4063805
1/10/2016,50.63,38.31,0.22,37.88,0.75,0.99,1025.34,50.63,40.96,1.96,72,6.71,3631998
1/11/2016,41.88,29.24,0.25,39.45,0.89,0.04,1027.3,45.32,36.72,2.36,34,9.48,4219307
1/12/2016,33.33,26.21,0.3,29.83,0.79,0.07,1030.5,37.58,31.25,5.26,355,7.32,4335493
1/13/2016,36.95,22.58,0.23,26.16,0.76,0.11,1028.22,36.95,29.15,2.7,306,5.48,3567044
1/14/2016,41.63,26.58,0.1,28.66,0.81,0.14,1024.82,43.63,26.58,1.67,239,1.78,4188494
1/15/2016,50,25.06,0.01,27.68,0.71,0.18,1021.08,50,27.12,2.48,220,2.07,3459120
1/16/2016,51.27,26.38,0.09,31.21,0.7,0.22,1020.1,51.27,29.22,2.56,89,6.75,3825385
1/17/2016,50.73,31.96,0.2,36.23,0.78,0.26,1018.56,50.73,37.54,2.49,2,5.98,3356428
1/18/2016,32.4,20.9,0.24,28.67,0.78,0.3,1025.54,38.27,28.2,1.89,328,8.98,3964754
1/19/2016,39,14.24,0.04,19.1,0.64,0.33,1031.58,39,23.85,3.19,349,3.56,3967388
1/20/2016,29.88,21.44,0.34,22.66,0.64,0.37,1032.64,38.27,28.63,5.49,69,9.05,4014577
1/21/2016,31.32,23.11,0.94,30.95,0.89,0.4,1030.48,36.95,31.9,3.89,28,7.49,4179388
1/22/2016,30.25,22.87,0.99,30.23,0.85,0.44,1033.34,36.22,31.94,3.22,24,9.1,3869181
1/23/2016,23.16,11.09,0.51,15.82,0.64,0.47,1040.32,32.63,21.65,4.95,326,12.98,3857605
1/24/2016,12.84,-0.18,0.3,1.68,0.45,0.51,1042.15,23.63,15.08,7.3,302,14.73,3418767
1/25/2016,36,6.54,0.3,9.81,0.53,0.54,1036.65,36.68,17.58,7.82,250,7.57,3577731
1/26/2016,45.32,15.99,0.14,18.06,0.58,0.57,1031.45,45.32,20.27,5.39,212,2.87,3529451
1/27/2016,43.73,30.64,0.19,29.31,0.7,0.6,1028.44,43.73,32.85,3.79,103,2.4,3796580
1/28/2016,41,35.2,0.25,40.29,0.98,0.63,1023.73,42.58,38.02,1.02,359,4.15,3828398
1/29/2016,37.92,30.51,0.25,38.23,0.93,0.66,1026.51,42.58,36.21,2.67,18,8.57,3817281
1/30/2016,36.06,29.42,0.39,31.68,0.79,0.69,1030.69,42.27,34.54,4.08,10,7.49,3585530
1/31/2016,32.74,21.53,0.29,29.02,0.82,0.72,1034.22,38.9,29.93,2.79,31,7.49,3474602
2/1/2016,31.24,17.23,0.43,23.16,0.74,0.75,1036.28,36,27.43,3.41,338,8.88,3577546
2/2/2016,41,18.97,0.08,21.31,0.67,0.78,1033.07,41,25.22,2.44,300,3.36,3400726
2/3/2016,46,25.82,0.03,24.04,0.68,0.81,1030.63,46,25.82,2.53,91,1.75,3164092
2/4/2016,44.37,25.65,0.16,28.08,0.75,0.85,1029.56,44.37,28.78,2.68,46,2.06,2985701
2/5/2016,48.63,25.38,0.06,26.12,0.65,0.88,1028.57,50,27.85,2.42,307,3.99,2769694
2/6/2016,45.68,22.06,0,19.99,0.55,0.91,1031.07,45.68,28.48,3.48,320,6.57,2651179
2/7/2016,51.37,21.09,0.04,20.77,0.52,0.95,1025.04,51.37,25.95,4.89,245,5.23,2400941
2/8/2016,61.73,27.95,0,27.3,0.56,0.98,1021,61.73,27.95,3.71,223,5.67,2328935
2/9/2016,69.37,31.12,0.06,33.64,0.57,0.02,1021.32,69.37,34.63,4.12,134,3.21,2367668
2/10/2016,73.42,39.78,0.16,39.07,0.58,0.05,1017.04,73.42,42.58,4.03,132,7.51,2360456
2/11/2016,66,53.53,0.22,53.13,0.87,0.09,1013.81,66,53.53,3.92,135,7.46,2390654
2/12/2016,69.58,52.22,0.18,55.31,0.91,0.13,1011.63,69.58,52.22,1.46,106,5.27,2456605
2/13/2016,58.37,30.68,0.83,47.2,0.9,0.17,1013.44,58.37,38.76,2.26,295,9.19,2519542
2/14/2016,34.43,21.53,0.55,24.07,0.62,0.21,1029.25,41.63,33.08,5.8,332,14.57,2629206
2/15/2016,44.37,21.35,0.17,15.58,0.45,0.24,1030.52,44.37,27.22,8.77,295,7.98,2932628
2/16/2016,50.63,24.62,0.42,20.33,0.48,0.28,1027.81,50.63,30.07,7.83,265,7.27,3138577
2/17/2016,54.68,30.05,0.36,24.99,0.55,0.32,1027.64,54.68,30.05,6.19,190,1.46,3211835
2/18/2016,61,28.17,0.16,30.36,0.56,0.35,1023.73,61,34.22,5.04,182,2.55,3327845
2/19/2016,55.42,34.57,0.18,35.76,0.64,0.39,1025.44,55.42,39.53,3.71,68,2.48,3534671
2/20/2016,54.68,30.23,0.05,23.62,0.46,0.42,1029.46,54.68,37.58,5.04,326,7.57,3457037
2/21/2016,52.63,31.15,0.23,29.86,0.63,0.45,1029.53,52.63,32.02,4.23,105,5.83,3353382
2/22/2016,43.63,36.05,0.56,40.63,0.92,0.48,1028.49,45.32,41,2.54,88,5.36,3740474
2/23/2016,46.38,35.14,0.25,37.71,0.77,0.52,1033.83,50,40.31,2.8,8,8.16,3752948
2/24/2016,49.37,29.63,0.16,28.6,0.63,0.55,1037.63,49.37,34.22,3.95,49,4.89,3817079
2/25/2016,55.42,29.66,0.05,30.64,0.63,0.58,1035,55.42,32.63,3.32,139,4.27,3821269
2/26/2016,63.68,32.74,0.06,36.64,0.64,0.61,1027.7,63.68,37.58,3.07,194,5.71,3778753
2/27/2016,67.37,40.3,0.03,38.19,0.57,0.64,1023.26,67.37,42.58,4.6,224,6.95,3621678
2/28/2016,65.22,38.17,0.39,39.56,0.63,0.67,1025.3,65.22,40.89,3.24,316,5.72,3427752
2/29/2016,52.73,30.58,0.07,27.73,0.58,0.7,1033.54,52.73,34.64,3.27,18,5.79,3830666
3/1/2016,56.05,26.12,0.09,29.03,0.59,0.73,1028.93,56.05,32.49,4.89,99,6.44,3990461
3/2/2016,66.42,34.01,0.09,39.66,0.68,0.76,1023.18,66.42,38.9,2.54,134,5.36,4052463
3/3/2016,68.85,45.54,0.1,46.92,0.72,0.79,1019.07,68.85,47.22,1.64,136,4.3,4077052
3/4/2016,70,52.84,0.16,53.56,0.78,0.82,1017.14,70,52.84,1.59,132,5.24,4047478
3/5/2016,74.27,50.4,0.18,53.94,0.75,0.86,1017.77,74.27,50.4,1.79,314,2.12,3862328
3/6/2016,57.42,44.38,0.55,46.82,0.8,0.89,1019.26,57.42,47.32,1.94,77,5.99,3680144
3/7/2016,68.63,50.34,0.32,51.99,0.86,0.93,1016.6,68.63,50.34,1.34,89,6.04,4082510
3/8/2016,52.95,30.64,0.3,42.08,0.86,0.97,1019.78,52.95,38.69,3.6,56,16.47,4128456
3/9/2016,43.63,28.14,0.3,29.83,0.68,0,1028.82,43.63,37.36,6.59,39,11.6,4266444
3/10/2016,41.16,27.91,0.3,23.05,0.52,0.04,1032.06,45.68,33.97,6.96,358,7.5,4034056
3/11/2016,50,28.08,0.26,27.31,0.62,0.08,1027.98,50,31.73,4.23,219,2.37,4187860
3/12/2016,55.42,32.13,0.16,31.36,0.58,0.12,1021.62,55.42,35.58,3.53,127,9.18,3971600
3/13/2016,51.37,40.08,0.2,41.1,0.78,0.15,1021.91,51.37,42.96,2.87,34,3.52,3671423
3/14/2016,55,29.32,0.33,36.6,0.71,0.19,1026.13,55,36.12,3.01,22,5.15,4040799
3/15/2016,55,34.53,0.24,36.06,0.67,0.23,1021.86,55,38.21,3.56,107,8.36,4126436
3/16/2016,66.63,43.02,0.05,42.02,0.65,0.26,1018.66,66.63,43.46,3.89,99,4.99,3999919
3/17/2016,66,44.56,0.15,50.04,0.79,0.3,1015.29,66,47.9,2.63,113,6.13,3960902
3/18/2016,64.63,53.82,0.4,54.63,0.86,0.33,1012.47,64.63,53.82,1.49,299,1.72,4028738
3/19/2016,65.78,46.89,0.25,53.81,0.86,0.37,1018.65,65.78,49.03,2.29,45,4.38,3890087
3/20/2016,65.05,43.78,0.21,41.93,0.64,0.4,1022.48,65.05,46.53,3.54,78,9.67,3590345
3/21/2016,62.42,39.33,0.11,40.19,0.65,0.43,1022.77,62.42,43.91,4.36,79,8.6,3903985
3/22/2016,61.78,44.58,0.23,47.45,0.78,0.46,1018.45,61.78,47.87,3.75,100,7.92,4615207
3/23/2016,54.68,39.98,0.61,39.06,0.63,0.49,1024.7,54.68,44.37,4.88,43,9.77,4049102
3/24/2016,52.73,36.88,0.3,27.29,0.47,0.52,1030.69,52.73,40.5,8.36,13,8.99,4080274
3/25/2016,58.37,34.42,0.44,28.47,0.49,0.55,1028.41,58.37,39.6,7.33,3,4.08,4024048
3/26/2016,59,37.58,0.34,31.37,0.55,0.58,1026.09,59,37.58,5,269,2.73,3911950
3/27/2016,63,36.34,0.05,35.55,0.59,0.61,1025.07,63,40.9,3.65,265,5.63,3684076
3/28/2016,69.41,41.88,0.14,36.27,0.52,0.64,1021.88,69.41,42.58,4.24,195,5.77,3969515
3/29/2016,69.58,47.07,0.44,40.68,0.5,0.67,1018.62,69.58,49.9,5.45,213,5.81,4026603
3/30/2016,67.41,54.81,0.23,47.97,0.66,0.71,1019.35,67.41,54.81,4.43,206,4.79,4007978
3/31/2016,64.42,53.56,0.23,52.78,0.86,0.74,1016.44,64.42,53.56,2.88,186,2.09,4019892
4/1/2016,74.78,46.31,0.1,52.51,0.74,0.77,1013.71,74.78,49.26,2.82,142,6.62,4003527
4/2/2016,63.95,56.39,0.31,58.22,0.91,0.81,1013.54,63.95,56.39,1.58,106,5.77,4017529
4/3/2016,61,50.48,0.25,53.2,0.94,0.84,1015.55,61,50.48,2.49,1,8.48,3732506
4/4/2016,64.63,46.38,0.3,44.3,0.65,0.88,1016.74,64.63,47.62,6.68,49,4.53,3216632
4/5/2016,66.73,54.15,0.27,48.72,0.66,0.91,1015.51,66.73,54.15,6.01,103,7.58,3710743
4/6/2016,61.22,54.14,0.25,55.8,0.95,0.95,1008.4,61.22,54.14,2.61,110,6.01,4068945
4/7/2016,65.05,51.32,0.35,53.7,0.87,0.99,1013.3,65.05,51.32,3.82,301,5.35,3995555
4/8/2016,74.37,52.74,0.14,55.98,0.78,0.03,1016.3,74.37,52.74,2.98,127,3.49,4036804
4/9/2016,77.1,58.37,0.22,55.84,0.7,0.07,1012.85,77.1,58.37,3.12,115,4.75,3995427
4/10/2016,76.15,56.57,0.14,54.1,0.69,0.1,1012.64,76.15,56.57,2.65,98,4.08,3713744
4/11/2016,70.73,53.26,0.16,50.7,0.71,0.14,1016.58,70.73,53.26,3.53,91,8.04,3902557
4/12/2016,72.88,57.33,0.31,57.95,0.8,0.18,1010.06,72.88,57.33,3.95,132,6.54,3994915
4/13/2016,79.78,59.09,0.1,60.08,0.77,0.21,1007.01,79.78,59.09,2.94,103,1.95,4030816
4/14/2016,81.68,59.44,0.17,56.17,0.67,0.25,1012.7,82,59.44,2.74,116,4.73,4053163
4/15/2016,76.37,58.55,0.33,49.7,0.55,0.28,1013.41,76.37,58.55,4.11,114,11.12,4044319
4/16/2016,67.27,59.64,0.3,58.72,0.86,0.31,1004.6,67.27,59.64,4.37,188,5.04,3962151
4/17/2016,67.9,53.16,0.22,47.58,0.65,0.35,1016.51,67.9,53.16,4.94,324,3.25,3720344
4/18/2016,71.37,51.19,0.15,49.19,0.68,0.38,1018.32,71.37,51.19,5.88,175,4.31,3830146
4/19/2016,76.78,53.21,0.14,48.3,0.59,0.41,1018.49,76.78,53.21,5.67,131,11.37,3853482
4/20/2016,65.22,59.69,0.71,60.02,0.91,0.44,1011.28,65.22,59.69,2.94,142,6.66,3601084
4/21/2016,76.37,60.26,0.18,60.77,0.83,0.47,1009.89,76.37,60.26,3.29,272,5.13,3938636
4/22/2016,79.63,58.9,0.14,60.43,0.74,0.51,1009.81,79.63,58.9,3.43,150,4.81,3975591
4/23/2016,66.42,58.37,0.35,57.22,0.88,0.53,1011.65,66.42,58.37,3.77,95,10.97,4130359
4/24/2016,65.61,57.71,0.19,54.63,0.79,0.56,1014.85,65.61,57.71,4.61,81,7.88,3779401
4/25/2016,64.29,56.1,0.25,52.32,0.74,0.59,1015.27,64.29,56.1,5.49,108,8.29,3992619
4/26/2016,61.63,54.98,0.83,56.23,0.91,0.62,1012.34,61.63,54.98,3.16,80,6.26,4096040
4/27/2016,64,53.44,0.65,52.83,0.84,0.65,1010.58,64,53.44,4.04,307,7.75,3938562
4/28/2016,74.37,56.81,0.32,53.81,0.72,0.69,1014.73,74.37,56.81,3.97,317,7.73,3950044
4/29/2016,79.63,53.44,0.07,53.29,0.65,0.72,1015.59,79.63,53.44,3.85,173,2.36,3956025
4/30/2016,82.6,58.9,0.01,55.21,0.6,0.76,1010.79,83.05,58.9,4.83,168,6.11,3675404
5/1/2016,84.55,60.89,0.26,60.2,0.66,0.79,1008.57,85.37,60.89,4.63,149,6.88,3127033
5/2/2016,73.64,68.5,0.46,67.38,0.87,0.83,1004.31,73.64,68.5,4.64,174,5.74,3471769
5/3/2016,77.63,59.22,0.3,50.27,0.57,0.86,1008.54,77.63,59.22,6.98,273,11.22,3686262
5/4/2016,82.44,57.7,0.3,54.67,0.58,0.9,1010.54,84.63,57.7,7.21,160,5.37,3904758
5/5/2016,75.75,68.63,0.38,66.91,0.84,0.94,1006.79,75.75,68.63,4.65,161,5.43,4076967
5/6/2016,93.18,65.31,0.25,66.79,0.79,0.98,1008.78,86.73,65.31,2.99,50,3.21,4110685
5/7/2016,67.27,55.63,0.33,50.37,0.65,0.02,1015.99,67.27,55.63,4.91,80,10.61,4001702
5/8/2016,62.37,57.63,0.3,54.32,0.83,0.06,1014.63,62.37,57.63,5.78,81,7.25,3626796
5/9/2016,63.95,57.57,0.25,57.69,0.9,0.09,1011.36,63.95,57.57,2.45,38,2.1,4004587
5/10/2016,68.52,56.3,0.4,55.98,0.82,0.13,1010.92,68.52,56.3,4.34,322,7.3,3977966
5/11/2016,79.95,54.64,0.05,57.22,0.72,0.16,1010.48,79.95,54.64,3.18,170,3.9,4015503
5/12/2016,84.97,60.46,0.12,59.8,0.65,0.2,1009.8,84.73,60.46,4.52,153,4.99,4132899
5/13/2016,68.63,60.15,0.63,56.77,0.77,0.23,1020.53,68.63,60.15,5.38,59,9.08,4108075
5/14/2016,83.59,60.26,0.16,63.18,0.78,0.26,1015.92,81.15,60.26,4.08,125,9.85,3989503
5/15/2016,72.05,57.57,0.61,60.25,0.92,0.3,1013.86,72.05,57.57,3.49,292,3.36,3756678
5/16/2016,76.37,54.93,0.09,50.41,0.65,0.33,1016.35,76.37,54.93,4.19,249,2.93,3952351
5/17/2016,77.63,55.08,0.3,46.81,0.52,0.36,1016.1,77.63,55.08,6.74,128,5.66,3949708
5/18/2016,79,57.53,0.3,48.72,0.51,0.39,1015.55,79,57.53,7.37,112,8.3,3901864
5/19/2016,80.75,60.25,0.28,56.95,0.63,0.42,1013.49,80.42,60.25,5.38,107,8.82,3913280
5/20/2016,72.03,62.58,0.45,61.82,0.83,0.45,1013.42,72.03,62.58,5.06,90,11.96,3963967
5/21/2016,65.99,62.58,0.3,63.57,0.96,0.47,1013.19,65.99,62.58,3.14,65,9.34,3890195
5/22/2016,68.22,62.46,0.82,61.55,0.89,0.52,1013.8,68.22,62.46,4.45,314,2.42,3640372
5/23/2016,76.9,62.56,0.3,62.35,0.82,0.54,1011.43,76.9,62.56,3.74,281,3.56,3969389
5/24/2016,79,63.84,0.14,62.07,0.75,0.57,1009.48,79,63.84,3.92,214,2.48,4043578
5/25/2016,89.13,63.88,0.19,66.34,0.76,0.6,1008.18,85.37,63.88,3.59,141,5.14,4096819
5/26/2016,77.73,69.47,0.69,71.13,0.91,0.64,1009.42,77.73,69.47,2.3,241,1.06,4219737
5/27/2016,70.63,65.25,0.63,66.59,0.95,0.67,1010.74,70.63,65.25,2.12,73,6.41,4113139
5/28/2016,67.64,65.22,0.25,65.26,0.97,0.71,1007.77,67.64,65.22,1.61,53,2.45,4009038
5/29/2016,72.05,65.22,0.66,64.37,0.89,0.74,1007.57,72.05,65.22,2.5,322,5.02,3789849
5/30/2016,79,63,0.31,64.43,0.79,0.78,1008.8,79,63,3.02,145,3.21,3872713
5/31/2016,88.87,68.37,0.26,69.75,0.83,0.82,1006.1,83.27,68.37,2.26,110,4.77,4014739
6/1/2016,73,64.08,0.49,64.98,0.91,0.85,1006.72,73,64.08,4.21,62,8.91,3988022
6/2/2016,72.22,61.63,0.17,62.18,0.83,0.89,1009.48,72.22,61.63,3.5,76,6.48,3968795
6/3/2016,68.63,63.68,0.5,63.58,0.94,0.93,1006.66,68.63,63.68,2.87,94,8.46,4041719
6/4/2016,72.32,64.24,0.73,63.16,0.88,0.96,1007.65,72.32,64.24,4.25,290,7.94,3874204
6/5/2016,77,60.58,0.27,62.65,0.81,0.02,1010.88,77,60.58,4.36,78,3.56,3692647
6/6/2016,79.63,65.54,0.2,65.54,0.81,0.04,1009.91,79.63,65.54,4.31,101,6.26,4008633
6/7/2016,83.28,67.9,0.44,67.56,0.83,0.08,1009.8,80.58,67.9,3.07,97,3.73,4162818
6/8/2016,74.22,68,0.25,68.39,0.91,0.11,1009.23,74.22,68,2.8,74,4.9,4055291
6/9/2016,75.62,67.27,0.25,67.2,0.88,0.15,1010.46,75.62,67.27,2.94,81,6.08,3548896
6/10/2016,85.82,67.27,0.68,69.56,0.85,0.18,1008.23,81.32,67.27,2.85,116,6.54,3762722
6/11/2016,92.52,72.35,0.14,72.29,0.83,0.21,1006.83,85.37,72.35,2.75,139,3.54,3902134
6/12/2016,75.26,70,0.39,69.23,0.9,0.24,1005.48,75.26,70,3.93,63,4.91,3974914
6/13/2016,85.22,67.27,0.28,67.37,0.8,0.28,1003.93,82.58,67.27,4.47,130,1.47,4169418
6/14/2016,93.86,69.8,0.2,69.11,0.74,0.31,1000.76,88.37,69.8,4.6,177,4.9,4264932
6/15/2016,94.54,72,0.25,70.43,0.78,0.34,1001.3,85.27,72,4.19,255,3.59,4334099
6/16/2016,83.92,69.36,0.14,66.05,0.74,0.37,1005.14,81.88,69.36,2.99,249,3.47,4163197
6/17/2016,90.16,68,0.08,66.92,0.7,0.4,1006.44,88.28,68,4.09,188,4.56,4301308
6/18/2016,99.37,71.17,0.2,71.84,0.73,0.42,1006.64,90.68,71.17,4.9,191,6,4234259
6/19/2016,97.35,76.87,0.44,74.32,0.78,0.45,1006.68,87.8,76.87,6.34,193,5.96,4047065
6/20/2016,87.45,73.63,0.47,74.01,0.91,0.48,1005.09,81.53,73.63,5.17,224,6.2,4155898
6/21/2016,105.9,75,0.45,77.08,0.89,0.52,1004.51,88.22,75,3.23,147,2.23,4371422
6/22/2016,102.09,77.53,0.19,77.58,0.9,0.55,1004.1,86.73,77.53,4.33,235,4.27,4418030
6/23/2016,115.43,77.37,0.28,78.57,0.82,0.59,1002.82,95,77.37,4.32,175,5,4536418
6/24/2016,97.04,70.95,0.78,73.43,0.85,0.62,1005.26,85.37,70.95,5.37,329,5.97,4447924
6/25/2016,74.95,68,0.38,67.98,0.92,0.66,1010.76,74.95,68,3.39,236,4.49,4087964
6/26/2016,82.56,65.9,0.29,66.57,0.81,0.69,1011,80.27,65.9,3.84,138,7.14,3885732
6/27/2016,73.63,69.88,0.3,69.99,0.96,0.73,1007.85,73.63,69.88,3.22,122,3.3,4128141
6/28/2016,74.9,70.37,0.25,71.27,0.95,0.77,1008.18,74.9,70.37,3.57,138,2.23,4207413
6/29/2016,95.36,70.95,0.35,73.76,0.88,0.81,1008.48,85.15,70.95,4.64,176,5.69,4747110
6/30/2016,104.71,74.95,0.3,75.4,0.77,0.84,1007.39,90.95,74.95,6.5,201,5.83,4905574
7/1/2016,94.02,73.29,0.68,74.7,0.9,0.88,1003.81,83.37,73.29,4.38,204,6.02,4335777
7/2/2016,77.85,71.95,0.51,73.26,0.95,0.92,1006.55,77.85,71.95,4.44,115,1.66,4079363
7/3/2016,79.85,73.63,0.35,74.87,0.95,0.95,1005.88,79.85,73.63,3.37,121,2.52,3840101
7/4/2016,99.42,74.66,0.43,76.38,0.91,0.98,1005.33,86.85,74.66,3.97,154,5.61,4071327
7/5/2016,92.15,75.55,0.59,75.24,0.88,0.03,1009.38,83.43,75.55,4.32,211,2.48,4161432
7/6/2016,96.21,75.66,0.39,76.37,0.9,0.06,1012.36,84.85,75.66,2.83,117,4.81,4104851
7/7/2016,101.11,75.13,0.52,75.65,0.86,0.1,1010.35,88,75.13,5.9,107,7.1,4498741
7/8/2016,103.88,77.45,0.28,76.01,0.8,0.13,1007.06,90.32,77.45,5.25,88,8.07,4554365
7/9/2016,95.63,76.69,0.5,75.84,0.84,0.16,1004.93,85.37,76.69,5.12,79,9.29,4333160
7/10/2016,96.87,77.04,0.3,76.53,0.87,0.19,1002.62,85.27,77.04,3.88,74,8.51,4074906
7/11/2016,100.32,78.17,0.3,78.09,0.91,0.22,1000.97,85.37,78.17,3.55,108,5.77,4441372
7/12/2016,108.47,78.34,0.25,78.59,0.83,0.25,1000.3,91.63,78.34,2.97,208,2.76,4525375
7/13/2016,113.27,79.76,0.65,80.18,0.88,0.28,1001.34,92.27,79.76,2.94,203,0.4,4481143
7/14/2016,98.8,78.55,0.42,79.13,0.94,0.31,1003.44,84.42,78.55,2.94,75,1.82,4538956
7/15/2016,114.57,76.18,0.46,78.72,0.87,0.34,999.73,92.9,76.18,4.47,225,3.17,4634383
7/16/2016,86.88,72.32,0.29,71.3,0.81,0.37,1004.38,82,72.32,4.15,284,5.94,4220289
7/17/2016,100.83,73.81,0.21,74.49,0.78,0.41,1007.02,90,73.81,3.41,136,4.54,4107215
7/18/2016,105.64,78.19,0.24,77.47,0.82,0.44,1006.3,90.95,78.19,3.85,117,6.09,4550893
7/19/2016,105.56,79.05,0.3,78.13,0.82,0.47,1004.5,90.32,79.05,4.55,140,7.01,4677268
7/20/2016,110.96,89.8,0.3,77.28,0.7,0.51,1003.01,96.27,81.4,6.44,181,8.89,4772549
7/21/2016,114.2,93.12,0.3,76.83,0.65,0.54,1005.17,98.58,83.62,6.95,199,7.48,4750962
7/22/2016,115.91,93.59,0.3,77.97,0.67,0.57,1005.51,99.32,82.58,6.74,196,5.34,4754751
7/23/2016,114.71,93.18,0.3,77.61,0.65,0.61,1005.56,99.95,83.22,6.53,180,4.97,4637393
7/24/2016,118.43,95.29,0.2,79.26,0.7,0.65,1006.93,100,82.63,6.14,149,5.95,4311960
7/25/2016,118.06,94.53,0.08,78.96,0.7,0.68,1006.72,100.42,83.06,5.51,147,6.21,4809396
7/26/2016,126.33,95.6,0.14,79.7,0.71,0.72,1004.78,102.63,83.23,5.37,180,5.17,4852473
7/27/2016,123.35,98.12,0.15,79.73,0.71,0.76,1004.31,102,84.59,4.98,239,2.97,4737322
7/28/2016,122.47,98.39,0.1,79.42,0.68,0.8,1004.88,100.63,84.42,5.28,183,3.14,4790575
7/29/2016,118.97,98.84,0.12,79.49,0.69,0.83,1006.06,99.95,84.63,4.67,168,3.99,4788141
7/30/2016,118.93,97.11,0.08,79.38,0.71,0.87,1007.48,99.78,83.73,4.83,130,7.05,4514944
7/31/2016,114.76,92.69,0.12,77.64,0.7,0.91,1007.95,97.73,82.21,6.04,119,8.92,4259280
8/1/2016,110.69,88.84,0.3,76.85,0.69,0.94,1007.2,97.1,81.32,6.95,115,8.97,4627029
8/2/2016,116.97,86.96,0.63,79.3,0.8,0.98,1006.05,98.42,80.08,5.93,125,5.76,4618467
8/3/2016,96.87,77.63,0.41,77.13,0.88,0.02,1007.51,86.1,77.63,5.87,177,1.72,4490739
8/4/2016,101.43,78.89,0.3,77.61,0.85,0.05,1008.44,88,78.89,4.84,45,1.15,4367727
8/5/2016,106.43,79.37,0.31,77.97,0.82,0.08,1008.03,92.27,79.37,4.73,354,3.73,4253298
8/6/2016,108.47,79.73,0.26,78,0.8,0.11,1005.38,93,79.73,4.8,113,6.67,4023140
8/7/2016,108.47,88.63,0.45,77.67,0.76,0.14,1004.13,94.37,80.46,5.54,115,6.89,3663205
8/8/2016,106.44,79.95,0.3,76.18,0.72,0.17,1005,94.37,79.95,6.87,104,8.66,3689233
8/9/2016,106.14,88.39,0.3,77.24,0.76,0.2,1005.96,92.05,80.7,6.46,81,10.24,3679212
8/10/2016,113.77,91.94,0.3,79.8,0.81,0.23,1006.77,93,81.72,6.37,97,9.04,3994246
8/11/2016,109.41,93.69,0.3,78.18,0.74,0.26,1007.78,94.37,82.3,6.6,109,8.29,4061157
8/12/2016,115.17,90.42,0.31,79.13,0.75,0.29,1006.23,95.73,81.18,6.54,108,8.72,4127489
8/13/2016,115.64,92.77,0.3,79,0.73,0.32,1004.91,97.73,81.9,6.57,115,8.4,4043540
8/14/2016,112.88,91.49,0.19,77.5,0.71,0.36,1004.3,97.1,81.48,5.95,115,6.8,3744055
8/15/2016,110.7,79.88,0.19,77.07,0.71,0.39,1003.09,96.37,79.88,5.94,94,5.54,4222039
8/16/2016,109.14,89.58,0.14,77.21,0.72,0.42,1003.04,96.37,80.93,5.98,76,6.64,4603302
8/17/2016,109.44,79.81,0.14,75.95,0.69,0.45,1002.7,97.73,79.81,6.21,87,7.79,4200728
8/18/2016,116.06,79.94,0.2,77.47,0.71,0.49,1002.07,98.42,79.94,6.5,115,7,4454857
8/19/2016,118.38,93.45,0.26,79.99,0.74,0.52,1002.84,100,82.2,5.96,127,4.14,4517220
8/20/2016,123.28,94.87,0.42,80.56,0.82,0.56,1003.85,97,82.76,4.27,120,2.25,4141047
8/21/2016,109.31,90.56,0.44,79.37,0.83,0.6,1004.73,91.58,81.03,3.67,85,1.32,3873626
8/22/2016,108.47,92.03,0.47,78.07,0.76,0.64,1007.39,93,81.94,5.26,66,6.05,4285132
8/23/2016,106.96,79.17,0.28,75.18,0.71,0.67,1006.87,93.63,79.17,6.16,45,6.67,4200526
8/24/2016,99.05,76.15,0.23,71.72,0.67,0.71,1005.51,93,76.15,6.65,61,5.53,4151262
8/25/2016,103.36,75.57,0.26,73.91,0.7,0.75,1004.91,94.37,75.57,6.29,61,3.86,4194893
8/26/2016,92.49,75.17,0.39,72.67,0.77,0.79,1009.42,84.85,75.17,6.38,14,10.28,4018774
8/27/2016,85.99,72.28,0.3,63.51,0.62,0.82,1010.54,85.37,72.28,7.06,334,9.36,3610828
8/28/2016,86.22,66.17,0.3,59.65,0.59,0.86,1009.76,88,66.17,7.25,330,9.29,3446470
8/29/2016,86.66,66.85,0.3,60.17,0.59,0.89,1009.58,88,66.85,6.8,335,5.59,3681879
8/30/2016,85.88,67.48,0.34,58.78,0.57,0.93,1007.06,88,67.48,7.88,313,7.25,3607667
8/31/2016,89.38,66.53,0.3,61.38,0.58,0.96,1002.51,90,66.53,7.44,243,5.72,3664003