date,occupancy,heating degrees,electricity-kWh
1/1/12,0,7.826086957,2800.244977
1/2/12,0.3,9.166666667,3168.974047
1/3/12,0.3,18.20833333,5194.533376
1/4/12,0.3,22.08333333,5354.861935
1/5/12,0.3,15.58333333,5496.223993
1/6/12,0.3,13.375,5414.499703
1/7/12,0.3,8.508333333,4138.989708
1/8/12,0.3,10.16666667,4301.957494
1/9/12,0.3,14.95833333,5626.493403
1/10/12,0.3,11.54166667,5370.202795
1/11/12,0.3,13.29166667,5411.600996
1/12/12,0.3,11.04166667,5518.026707
1/13/12,0.3,11.45833333,5313.596132
1/14/12,0.3,16.5,3881.15439
1/15/12,0.3,25.79166667,3975.859691
1/16/12,0.3,21.125,5125.751809
1/17/12,0.3,11.125,5722.366925
1/18/12,0.3,12.04166667,5952.70859
1/19/12,0.3,19.25,6234.768844
1/20/12,0.3,16.83333333,5862.304
1/21/12,0.3,21.625,4167.754841
1/22/12,0.3,19.79166667,4086.755643
1/23/12,0.970833333,12.45833333,6133.59513
1/24/12,1,4.916666667,6184.188663
1/25/12,1,11.16666667,6313.664206
1/26/12,1,13.20833333,6066.265461
1/27/12,1,9.291666667,5893.169276
1/28/12,0.5,10.16666667,4156.091295
1/29/12,0.5,11.41666667,4626.334541
1/30/12,1,13.74166667,6501.386374
2/2/12,1,11.41666667,6597.074673
2/3/12,1,14.79166667,6486.084238
2/4/12,0.5,12.41666667,4707.622888
2/5/12,0.5,16.70833333,4725.595915
2/6/12,1,11.25,6489.821974
2/7/12,1,10.58333333,6769.173239
2/8/12,1,16.04166667,6629.648039
2/9/12,1,11.125,6244.393087
2/10/12,1,9.875,6189.674745
2/11/12,0.5,13.16666667,4502.677103
2/12/12,0.5,20.5,5065.437192
2/13/12,1,15.95833333,6568.122099
2/14/12,1,12.75,6443.456199
2/15/12,1,11.08333333,6289.994448
2/16/12,1,10.70833333,6148.276689
2/17/12,1,8.416666667,5987.647972
2/18/12,0.5,10.625,4422.632954
2/19/12,0.5,12.20833333,4597.080767
2/20/12,1,14.20833333,5994.106795
2/21/12,1,13.16666667,6348.515809
2/22/12,1,7.1625,6160.973866
2/23/12,1,6.666666667,6353.031
2/24/12,1,11.16666667,5865.929734
2/25/12,0.5,10.75,4257.474005
2/26/12,0.5,13.83333333,4545.815506
2/27/12,1,11.04166667,6341.988976
2/28/12,1,9.583333333,6466.90418
3/1/12,1,13.29166667,6486.929942
3/2/12,1,17.25,6252.111251
3/3/12,0.5,10.20833333,5184.416657
3/4/12,0.5,11.41666667,5172.286703
3/5/12,1,14.91666667,6620.575455
3/6/12,1,16.58333333,7125.525967
3/7/12,1,6.916666667,6809.026215
3/8/12,1,1.541666667,6477.297168
3/9/12,1,7.958333333,5778.923974
3/10/12,0.4,13.70833333,4344.739946
3/11/12,0.4,8.041666667,4361.421717
3/12/12,0.4,3.3625,5636.66881
3/13/12,0.4,2.125,5460.552648
3/14/12,0.4,8.291666667,5276.293857
3/15/12,0.4,11.45833333,5637.724037
3/16/12,0.4,9.958333333,5727.275695
3/17/12,0.4,7.833333333,4783.414776
3/18/12,0.4,3.875,4755.617075
3/19/12,0.975,3.458333333,6155.474195
3/20/12,1,3.125,6174.919248
3/21/12,1,0.125,6346.426965
3/22/12,1,0.083333333,6595.03643
3/23/12,1,0,6369.525705
3/24/12,0.5,5.833333333,4845.883111
3/25/12,0.5,7.833333333,4639.331155
3/26/12,1,9.791666667,6430.348046
3/27/12,1,12.08333333,6885.343721
3/28/12,1,7.875,6631.914476
3/29/12,1,8.75,6798.144761
3/30/12,1,9.083333333,6699.534769
4/2/12,1,8.791666667,6860.249999
4/3/12,1,6.416666667,7042.898963
4/4/12,1,3.875,6849.202572
4/5/12,1,7.916666667,6867.328536
4/7/12,0.5,8.75,5257.049152
4/8/12,0.5,7.333333333,5474.994436
4/10/12,1,3.091666667,6648.989642
4/11/12,1,5.75,6977.851657
4/12/12,1,6.833333333,6926.286189
4/13/12,1,3.75,6378.414009
4/14/12,0.5,1.541666667,5487.778901
4/15/12,0.5,0.25,5377.877873
4/17/12,1,0.083333333,7072.607034
4/18/12,1,3.5,7021.752219
4/19/12,1,2.833333333,6906.130441
4/20/12,1,1.75,6707.437204
4/21/12,0.5,0.666666667,5565.281496
4/22/12,0.5,4.541666667,5481.693887
4/23/12,1,2.458333333,6885.354777
4/24/12,1,4.5,6999.266045
4/25/12,1,3.875,7286.283976
4/26/12,1,4.375,7870.14299
4/27/12,1,4.333333333,7310.562761
4/28/12,0.5,6.458333333,5794.11738
4/29/12,0.5,4.875,6007.983729
4/30/12,1,5.625,7238.468937
5/1/12,1,6.833333333,7220.297349
5/2/12,1,6.541666667,7105.483835
5/3/12,1,6.25,6573.69578
5/4/12,1,4.083333333,6409.015734
5/5/12,0.5,4.291666667,5417.12256
5/6/12,0.5,4.833333333,5645.66565
5/7/12,1,2.416666667,6849.265625
5/8/12,1,2.583333333,6824.749821
5/9/12,1,0.5,6557.755574
5/10/12,1,1.375,6699.281346
5/11/12,1,2.666666667,6816.409222
5/12/12,0.5,1.125,5516.229607
5/13/12,0.5,0,5505.54094
5/14/12,1,2,6383.622358
5/15/12,1,0.083333333,6610.03867
5/16/12,1,0,6206.289294
5/17/12,0.5,0.5,5289.021789
5/18/12,0.5,1.333333333,5303.184774
5/19/12,0.5,0.875,2971.536615
5/20/12,0.5,0.375,2899.229158
5/21/12,0.5,1.083333333,4665.398061
5/22/12,0.5,0.375,4297.25559
5/23/12,0.5,0,4971.80964
5/24/12,0.5,0,5092.588858
5/25/12,0.5,0.041666667,3695.244805
5/26/12,0.5,0,2531.872619
5/27/12,0.5,0,2572.505174
5/28/12,0.2,0,3573.861667
5/29/12,0.4875,0,4216.33042
5/30/12,0.5,0,4415.995224
6/2/12,0.5,0.583333333,2692.989841
6/3/12,0.5,0.75,2699.50564
6/4/12,0.5,4.208333333,5084.166427
6/5/12,0.5,3.625,4975.505276
6/6/12,0.5,1.5,4880.882468
6/7/12,0.5,1,4786.148894
6/8/12,0.5,0.791666667,4742.020613
6/9/12,0.5,0,2956.776268
6/10/12,0.5,0,3138.85686
6/11/12,0.5,0.125,4819.106774
6/12/12,0.5,0,4796.882745
6/13/12,0.5,0,4575.37736
6/14/12,0.5,0,4377.494873
6/15/12,0.5,0.125,4686.500098
6/16/12,0.5,0.375,2958.643194
6/17/12,0.5,1.166666667,3144.856827
6/18/12,0.5,0.583333333,4872.617187
6/19/12,0.5,0.25,4854.744718
6/20/12,0.5,0,5375.027891
6/21/12,0.5,0,5821.08062
6/22/12,0.5,0,5798.839158
6/23/12,0.5,0,3335.078129
6/24/12,0.5,0,3358.862245
6/25/12,0.5,0,4937.606539
6/26/12,0.5,0,5111.096049
6/27/12,0.5,0,5064.249906
6/28/12,0.5,0,5481.898977
6/29/12,0.5,0,5228.616891
7/2/12,0.5,0,5557.851562
7/3/12,0.5,0,5336.494825
7/4/12,0.5,0,4674.637935
7/5/12,0.5,0,5431.862257
7/6/12,0.5,0,5448.270749
7/7/12,0.5,0,4263.505323
7/8/12,0.5,0,4155.872317
7/9/12,0.5,0,5641.591025
7/10/12,0.5,0,5691.749711
7/11/12,0.5,0,5544.26088
7/12/12,0.5,0,5752.856636
7/13/12,0.5,0,5347.057326
7/14/12,0.5,0,3056.286872
7/15/12,0.5,0,3599.478767
7/16/12,0.5,0,4939.229208
7/17/12,0.5,0,4870.728983
7/18/12,0.5,0,5105.377778
7/19/12,0.5,0,4987.148318
7/20/12,0.5,0,4853.005464
7/21/12,0.5,0,3325.622349
7/22/12,0.5,0,3322.994694
7/23/12,0.5,0,4895.357064
7/24/12,0.5,0,4933.111531
7/25/12,0.5,0,4850.265858
7/26/12,0.5,0,4901.000291
8/18/12,0.5,0,3799.10146
8/19/12,0.5,0,3706.244795
8/20/12,0.5,0,5359.005203
8/21/12,0.5,0,5291.228996
8/22/12,0.5,0,5476.505342
8/24/12,0.5,0,5459.734113
8/25/12,0.5,0,3786.096689
8/26/12,0.5,0,3902.728725
8/27/12,0.5,0,5767.036945
8/28/12,0.5,0,5598.132675
8/29/12,0.5,0,5488.479484
8/30/12,0.5,0,5849.004643
9/2/12,0.5,0,4251.744356
9/3/12,0.5,0,4521.505585
9/4/12,0.979166667,0,5564.361988
9/5/12,1,0,6370.824982
9/6/12,1,0,6259.117658
9/7/12,1,0,5851.450771
9/8/12,0.5,0,4592.431921
9/9/12,0.5,0,4816.021012
9/10/12,1,0.083333333,6094.963124
9/11/12,1,0.833333333,6213.500506
9/12/12,1,0.416666667,6085.765545
9/13/12,1,0,6117.989517
9/14/12,1,0,5696.424516
9/15/12,0.5,0,4458.927174
9/16/12,0.5,0.5,4934.812348
9/17/12,1,0.541666667,6145.325576
9/18/12,1,0,5926.505096
9/19/12,1,0.125,5956.254877
9/20/12,1,1.375,5911.612068
9/21/12,1,1.5,5554.536456
9/22/12,0.5,0.416666667,4385.245027
9/23/12,0.5,0.083333333,4702.979312
9/24/12,1,1.416666667,6240.54384
9/25/12,1,1.416666667,6232.200885
9/26/12,1,0,5852.255174
9/27/12,1,0.333333333,5915.739528
9/28/12,1,1.333333333,5615.484285
9/29/12,0.5,1.916666667,4598.341371
9/30/12,0.5,1.791666667,5235.291935
10/1/12,1,1.416666667,6219.835537
10/2/12,1,0.166666667,6303.255236
10/3/12,1,0,6259.494651
10/4/12,1,0,6189.924961
10/5/12,1,0,5903.168645
10/6/12,0.5,0.166666667,4638.096693
10/7/12,0.5,3.208333333,5063.182806
10/8/12,0.6,4.166666667,6001.37198
10/9/12,0.983333333,2.208333333,6409.275498
10/10/12,1,1.25,6379.825823
10/11/12,1,3.916666667,6346.510335
10/12/12,1,6.291666667,6108.041858
10/13/12,0.5,8,4879.984487
10/14/12,0.5,2.770833333,4915.520913
10/15/12,1,0,6211.788511
10/16/12,1,2.708333333,6623.383097
10/17/12,1,5.791666667,6213.90933
10/18/12,1,3.416666667,6369.291749
10/19/12,1,0.666666667,5563.072774
10/20/12,0.5,0,4130.3515
10/21/12,0.5,1.5,4737.825452
10/22/12,1,1.208333333,6157.34111
10/23/12,1,1.75,6407.388438
10/24/12,1,4.391666667,6060.483259
10/25/12,1,3.916666667,6091.638797
10/26/12,1,2.625,5818.312441
10/27/12,0.5,2.708333333,4408.388227
10/28/12,0.5,2.916666667,4727.606444
10/29/12,1,1.416666667,3623.895996
10/30/12,1,1,5627.913811
11/2/12,1,5.666666667,5956.924595
11/3/12,0.5,6.916666667,4846.687944
11/4/12,0.5,8.083333333,5381.591176
11/5/12,1,11.33333333,6789.468318
11/6/12,1,12.94583333,6684.568133
11/7/12,1,11,6598.548708
11/8/12,1,12.5,6714.057764
11/9/12,1,8,6438.950856
11/10/12,0.5,7.083333333,4920.611643
11/11/12,0.5,4.291666667,5054.421675
11/12/12,1,2.25,5892.068111
11/13/12,1,4.833333333,6578.166219
11/14/12,1,10.64583333,6617.61695
11/15/12,1,12.29166667,6687.058035
11/16/12,1,11,6220.286326
11/17/12,0.5,10.19583333,4872.861796
11/18/12,0.5,10.87916667,5371.213932
11/19/12,1,10.92083333,6572.877665
11/20/12,1,10.41666667,6330.918877
11/21/12,1,8.791666667,5191.041982
11/22/12,0.2,8.333333333,4441.909053
11/23/12,0.2,8.875,4699.314884
11/24/12,0.2,9.208333333,4611.723734
11/25/12,0.2,13.31666667,5134.070162
11/26/12,0.966666667,11.2375,6790.601626
11/27/12,1,13.04166667,6821.872415
11/28/12,1,13.625,6938.382545
11/29/12,1,12.16666667,5959.781873
11/30/12,1,14.66666667,6750.718059
12/1/12,0.5,15.97083333,5656.958124
12/2/12,0.5,10.16666667,5718.989207
12/3/12,1,4.491666667,7110.601606
12/4/12,1,6.833333333,7429.791873
12/5/12,1,4.95,7546.103951
12/6/12,1,13.92083333,7520.844524
12/7/12,1,11.7125,7186.354382
12/8/12,0.5,8.5875,5382.361821
12/9/12,0.5,8.125,5516.08591
12/10/12,1,4.458333333,6951.179793
12/11/12,1,7.791666667,6817.005327
12/12/12,1,13.25833333,6696.520114
12/13/12,1,12.75416667,6632.714294
12/14/12,1,11.02916667,6567.163759
12/15/12,0.5,12.56666667,5500.841319
12/16/12,0.5,13.125,5723.165997
12/17/12,1,9.583333333,6826.482875
12/18/12,1,7.458333333,6361.030749
12/19/12,1,9.666666667,5639.812504
12/20/12,1,11.75,5250.632939
12/21/12,1,8.541666667,4372.013306
12/22/12,0.2,13.62916667,3165.479013
12/23/12,0.2,14,2646.403865
12/24/12,0,12.95833333,2708.116905
12/25/12,0,14.875,2736.867414
12/26/12,0,15.33333333,2859.861952
12/27/12,0,11.20833333,3014.005379
12/28/12,0,15.04166667,3954.015605
12/29/12,0,15.16666667,2751.862071
12/30/12,0,17.54166667,2882.122195
1/2/13,0.3,21.08333333,4526.916501
1/3/13,0.3,24.1375,4808.382819
1/4/13,0.3,16.475,4651.898393
1/5/13,0.3,15.2875,3339.862406
1/6/13,0.3,14.19166667,3639.670867
1/7/13,0.3,14.75,5258.036937
1/8/13,0.3,13.025,5047.674777
1/9/13,0.3,12.2625,5042.867134
1/10/13,0.3,12.59166667,5019.244631
1/11/13,0.3,13.025,5312.028299
1/12/13,0.3,10.6,3869.844406
1/13/13,0.3,7.641666667,3843.999723
1/14/13,0.3,6.3375,5129.867079
1/15/13,0.3,12.06666667,5448.330519
1/16/13,0.3,14.48333333,5500.526891
1/17/13,0.3,13.69583333,5413.483876
1/18/13,0.3,21.32083333,5572.096144
1/19/13,0.3,13.62083333,4090.883036
1/20/13,0.1,11.975,4077.947517
1/21/13,0.291666667,18.2,5109.675049
3/8/13,1,14.12916667,6115.594692
3/9/13,0.5,13.84583333,4084.095859
3/10/13,0.5,13.1,4324.565698
3/11/13,1,10.6625,6804.596267
3/12/13,1,5.779166667,6685.054017
3/13/13,1,9.558333333,6991.104655
3/14/13,1,15.49166667,6538.542173
3/15/13,1,15.825,5810.567651
3/16/13,0.4,15.3625,3769.50494
3/17/13,0.4,15.82916667,3651.377844
3/18/13,0.4,16.34583333,5110.611967
3/19/13,0.4,14.45,5296.968346
3/20/13,0.4,15.81666667,5164.511149
3/21/13,0.4,15.49166667,5251.20217
3/22/13,0.4,15.17916667,5187.547312
3/23/13,0.4,14.3,4062.963491
3/24/13,0.4,13.2625,4373.906019
3/25/13,0.975,12.20416667,6280.632945
3/26/13,1,11.55,6709.484059
3/27/13,1,9.808333333,6914.744942
3/28/13,1,9.983333333,6508.609996
3/29/13,1,7.970833333,6027.567176
3/30/13,0.5,8.2875,4092.468601
3/31/13,0.5,7.708333333,4124.469186
4/1/13,1,8.175,6604.830821
4/2/13,1,13.9125,6443.595942
4/3/13,1,13.26666667,6680.653725
4/4/13,1,10.78333333,6661.234399
4/5/13,1,8.983333333,6358.460626
4/6/13,0.5,13.20833333,4575.255734
4/7/13,0.5,9.283333333,4913.309494
4/8/13,1,4.833333333,6452.250138
4/9/13,1,4.454166667,6615.765654
4/10/13,1,5.645833333,6279.244431
4/11/13,1,7.904166667,6083.373078
4/12/13,1,11.20833333,5857.572631
4/13/13,0.5,9.05,4381.383394
4/14/13,0.5,7.970833333,4644.666308
4/15/13,1,7.875,6499.617085
4/16/13,1,4.766666667,6413.531539
4/17/13,1,3.491666667,6570.988965
4/18/13,1,5.275,6738.36752
4/19/13,1,0.679166667,4948.961166
4/20/13,0.5,4.3125,4634.676972
4/21/13,0.5,10.125,5043.080731
4/22/13,1,9.604166667,6714.34108
4/23/13,1,9.804166667,6963.010029
4/24/13,1,4.416666667,6694.011074
4/25/13,1,3.5625,6812.111166
4/26/13,1,5.995833333,6763.137771
4/27/13,0.5,5.495833333,5168.378136
4/28/13,0.5,4.054166667,5425.090897
4/29/13,1,3.341666667,7234.937187
5/2/13,1,4.166666667,7737.286357
5/3/13,1,6.754166667,6906.195288
5/4/13,0.5,7.041666667,5495.534259
5/5/13,0.5,7.1,5986.312776
5/6/13,1,5.383333333,7182.015369
5/7/13,1,1.604166667,7053.478681
5/8/13,1,0.9625,7132.021036
5/9/13,1,1.425,6508.999506
5/10/13,1,0.5,6819.276623
5/11/13,0.5,0.1625,5319.702903
5/12/13,0.5,1.208333333,5395.367154
5/15/13,1,2.891666667,6762.169299
5/16/13,1,0.470833333,6524.781224
5/17/13,1,1.9,6010.572872
5/18/13,0.5,1.770833333,3661.041947
5/19/13,0.5,1.979166667,3403.122471
5/20/13,0.5,0.329166667,4918.393085
5/21/13,0.5,1.333333333,4725.62747
5/22/13,0.5,1.875,4479.377529
5/23/13,0.5,0.058333333,4222.567998
5/24/13,0.5,1.220833333,3805.856867
5/25/13,0.5,7.366666667,2915.101394
5/26/13,0.5,6.695833333,3067.112334
5/27/13,0.2,3.095833333,3801.382329
5/28/13,0.4875,1.975,4340.494967
5/29/13,0.5,0.291666667,4511.12204
5/30/13,0.5,0,4639.276297
5/31/13,0.5,0,4036.664336
6/1/13,0.5,0,2483.728979
6/2/13,0.5,0,2671.627483
6/3/13,0.5,0.008333333,4129.091066
6/4/13,0.5,1.020833333,4518.127613
6/5/13,0.5,1.054166667,4355.995135
6/6/13,0.5,0.520833333,4270.882437
6/7/13,0.5,2.208333333,3977.382993
6/8/13,0.5,0.5125,2755.414432
6/9/13,0.5,0.0375,2421.24991
6/10/13,0.5,0.341666667,4419.820205
6/11/13,0.5,0.720833333,4521.234043
6/12/13,0.5,0.495833333,4440.004737
6/13/13,0.5,1.675,4256.128265
6/14/13,0.5,1.3625,4295.903775
6/15/13,0.5,0.0125,3014.596108
6/16/13,0.5,0.141666667,3321.479299
6/17/13,0.5,0,4755.02069
6/18/13,0.5,0.341666667,4416.627565
6/19/13,0.5,0.383333333,4403.990024
6/20/13,0.5,0.5625,4472.887695
6/21/13,0.5,0,4607.020916
6/22/13,0.5,0,3130.11728
6/23/13,0.5,0,3596.877684
6/24/13,0.5,0,5277.08543
6/25/13,0.5,0,5182.627956
6/26/13,0.5,0,5247.760211
6/27/13,0.5,0,4745.265748
6/28/13,0.5,0,4685.005555
6/29/13,0.5,0,3362.239174
7/2/13,0.5,0,4856.036553
7/3/13,0.5,0,4868.117209
7/4/13,0.5,0,4256.877871
7/5/13,0.5,0,4782.01024
7/6/13,0.5,0,3564.010596
7/7/13,0.5,0,3671.840957
7/8/13,0.5,0,5795.867186
7/9/13,0.5,0,5101.249857
7/10/13,0.5,0,5015.398878
7/11/13,0.5,0,5070.106572
7/12/13,0.5,0,5127.510004
7/13/13,0.5,0,3147.010829
7/14/13,0.5,0,3828.255043
7/15/13,0.5,0,5656.315143
7/16/13,0.5,0,5766.010456
7/17/13,0.5,0,5999.872382
7/18/13,0.5,0,5702.786318
7/19/13,0.5,0,5313.031457
7/20/13,0.5,0,3878.463261
7/21/13,0.5,0,3794.877704
7/22/13,0.5,0,5543.690329
7/23/13,0.5,0,4501.99456
7/24/13,0.5,0,4817.984486
7/25/13,0.5,0,4600.601265
7/26/13,0.5,0,4625.271052
7/27/13,0.5,0,3171.51049
7/28/13,0.5,0,2925.367367
7/29/13,0.5,0,4516.627715
7/30/13,0.5,0,4566.494439
7/31/13,0.5,0,4603.10189
8/1/13,0.5,0,4530.270614
8/2/13,0.5,0,4029.393253
8/3/13,0.5,0,2687.755234
8/4/13,0.5,0,3008.95762
8/5/13,0.5,0.0875,4203.62731
8/6/13,0.5,0.6,4218.25582
8/7/13,0.5,0.104166667,4187.765945
8/8/13,0.5,0,3850.739128
8/9/13,0.5,0,3692.286857
8/10/13,0.5,0,3146.315198
8/11/13,0.5,0.066666667,3320.041516
8/12/13,0.5,0,4081.361971
8/13/13,0.5,0,3883.883003
8/14/13,0.5,0,4119.372163
8/15/13,0.5,0.195833333,4126.745109
8/16/13,0.5,0.033333333,3993.861098
8/17/13,0.5,0,3074.107475
8/18/13,0.5,0,3342.499646
8/19/13,0.5,0,4765.580919
8/20/13,0.5,0,4893.276278
8/21/13,0.5,0,4900.627556
8/22/13,0.5,0,5083.62763
8/23/13,0.5,0.004166667,4900.637806
8/24/13,0.5,0.229166667,3453.372669
8/25/13,0.5,0.320833333,3281.260591
8/26/13,0.5,0,4942.372221
8/27/13,0.5,0,5039.744633
8/28/13,0.5,0,5015.127595
8/29/13,0.5,0.0125,4828.841008
8/30/13,0.5,0.058333333,4973.781484
9/2/13,0.5,0,4325.872288
9/3/13,0.979166667,0,5735.56504
9/4/13,1,0,6203.586236
9/5/13,1,0.808333333,5783.30712
9/6/13,1,1.5875,5494.036316
9/7/13,0.5,0.675,4028.234255
9/8/13,0.5,0.683333333,4301.601691
9/9/13,1,1.6375,5875.193151
9/10/13,1,0.016666667,5811.249493
9/11/13,1,0,6338.526142
9/12/13,1,0,6430.87247
9/13/13,1,0.1125,5901.132657
9/14/13,0.5,0.395833333,4329.515632
9/15/13,0.5,1.291666667,4545.71862
9/16/13,1,1.266666667,5939.74506
9/17/13,1,4.404166667,5933.255361
9/18/13,1,2.029166667,5841.882089
9/19/13,1,0.816666667,6022.154312
9/20/13,1,0.695833333,5687.504988
9/21/13,0.5,0.383333333,4244.622562
9/22/13,0.5,0.458333333,4405.968843
9/23/13,1,3.5625,6110.090973
9/24/13,1,3.858333333,5941.542332
9/25/13,1,2.3625,5872.941628
9/26/13,1,1.579166667,6191.654183
9/27/13,1,1.6125,5757.046082
9/28/13,0.5,2.316666667,4460.005853
9/29/13,0.5,3.091666667,4410.9532
9/30/13,1,3.820833333,6145.569885
10/1/13,1,1.491666667,6391.668972
10/2/13,1,0.008333333,6178.367814
10/3/13,1,0.095833333,6295.414102
10/4/13,1,0.995833333,5580.786756
10/5/13,0.5,0.304166667,4355.346233
10/6/13,0.5,0.4625,4660.377709
10/7/13,1,0.041666667,6106.463376
10/8/13,1,1.720833333,6407.025891
10/9/13,1,3.154166667,6345.963433
10/10/13,1,2.8,6053.494696
10/11/13,1,1.6375,6019.58875
10/12/13,0.5,1.808333333,4190.229217
10/13/13,0.5,3.591666667,4457.494997
10/14/13,0.6,4.4125,5521.346467
10/15/13,0.983333333,1.920833333,5959.229101
10/16/13,1,2.179166667,5744.494842
10/17/13,1,0.441666667,5813.184799
10/18/13,1,0.820833333,5397.041643
10/19/13,0.5,2.258333333,4210.585846
10/20/13,0.5,3.204166667,4545.20802
10/21/13,1,3.354166667,6003.377779
10/22/13,1,2.191666667,6048.267799
10/23/13,1,6.3875,6247.844106
10/24/13,1,7.520833333,6150.526173
10/25/13,1,9.170833333,5661.999516
10/26/13,0.5,7.454166667,4528.771617
10/27/13,0.5,6.508333333,4689.070123
10/28/13,1,7.35,6474.543438
10/29/13,1,10.4625,6373.355327
10/30/13,1,8.783333333,6088.494253
11/2/13,0.5,1.691666667,4464.393368
11/3/13,0.5,9.391666667,4957.470782
11/4/13,1,13.28333333,6745.893272
11/5/13,1,10.89166667,6728.706144
11/6/13,1,5.158333333,6653.580929
11/7/13,1,2.7125,6253.215909
11/8/13,1,10.23333333,5933.260245
11/9/13,0.5,10.91666667,5049.734774
11/10/13,0.5,7.466666667,4978.05431
11/11/13,1,8.970833333,6012.265579
11/12/13,1,13.05,6664.351721
11/13/13,1,15.69166667,6533.908735
11/14/13,1,11.40416667,6570.499942
11/15/13,1,7.629166667,6218.31805
11/16/13,0.5,6.779166667,4774.723969
11/17/13,0.5,5.8875,4932.729033
11/18/13,1,1.575,6394.825712
11/19/13,1,11.75,6519.505164
11/20/13,1,14.28333333,6249.23445
11/21/13,1,11.95416667,6209.664014
11/22/13,1,9,5934.382906
11/23/13,0.5,11.47916667,4624.872626
11/24/13,0.5,19.29583333,5250.804033
11/25/13,1,18.675,6692.570279
11/26/13,1,12.65416667,6382.012917
11/27/13,1,4.483333333,4950.122483
11/28/13,0.2,16.11666667,4648.489575
11/29/13,0.2,17.10833333,4744.500331
11/30/13,0.2,16.84166667,4586.627621
12/1/13,0.2,11.9875,4967.835903
12/2/13,0.966666667,12.85833333,6446.395397
12/3/13,1,12.075,6863.478981
12/4/13,1,12.72916667,7184.393378
12/5/13,1,7.816666667,6983.245108
12/6/13,1,6.191666667,6876.867367
12/7/13,0.5,13.67916667,5953.692108
12/8/13,0.5,15.98333333,6455.63774
12/9/13,1,13.13333333,7771.170423
12/10/13,1,15.70416667,7447.382109
12/11/13,1,18.72083333,7118.664559
12/12/13,1,21.125,7025.371884
12/13/13,1,20.34166667,6624.589267
12/14/13,0.5,21.73333333,5149.090734
12/15/13,0.5,15.98333333,5263.74999
12/16/13,1,19.98333333,6432.197756
12/17/13,1,21.61666667,6600.01565
12/18/13,1,18.375,6233.312723
12/19/13,1,14.85833333,5724.791628
12/20/13,0.1,11.07083333,5063.067971
12/21/13,0.1,6.079166667,3500.658685
12/22/13,0.1,5.429166667,3459.856904
12/23/13,0.1,12.44583333,3942.520596
12/24/13,0,15.1,3128.823388
12/25/13,0,21.525,2465.627695
12/26/13,0,16.59166667,2451.249863
12/27/13,0,16.3875,2605.617465
12/28/13,0,13.45,2674.744622
12/29/13,0,11.54166667,2462.749939
12/30/13,0,15.67916667,2732.585677
1/2/14,0.3,25.56708333,3919.234214
1/3/14,0.3,29.33368056,3720.596398
1/4/14,0.3,24.15625,3232.973753
1/5/14,0.3,14.84378472,3287.750185
1/6/14,0.3,7.144965278,4708.877511
1/7/14,0.3,24.92611111,5151.437462
1/8/14,0.3,24.75611111,5235.658854
1/9/14,0.3,19.88534722,5104.638257
1/10/14,0.3,16.30802083,5020.621991
1/11/14,0.3,4.516493056,3561.500539
1/12/14,0.3,8.137152778,3685.234041
1/13/14,0.3,8.902777778,5302.005457
1/14/14,0.3,5.903263889,5089.234076
1/15/14,0.3,9.160069444,5480.22388
1/16/14,0.3,11.976875,5692.090793
1/17/14,0.3,10.35246528,5487.297189
1/18/14,0.3,13.18586806,4297.367486
1/19/14,0.3,14.9496875,4189.728808
1/20/14,0.3,13.22920139,4999.601822
1/21/14,0.3,24.53934028,5488.557212
1/22/14,0.3,26.38090278,5386.872315
1/23/14,0.3,25.86166667,5450.770488
1/24/14,0.3,25.75381944,5366.398841
1/25/14,0.3,17.47559028,3908.250032
1/26/14,0.491666667,21.82472222,4113.21364
1/27/14,1,15.08440972,5812.35126
1/28/14,1,23.53048611,6021.142837
1/29/14,1,21.63239583,6066.852143
1/30/14,1,20.28604167,5864.286181
1/31/14,1,14.11388889,5566.383391
2/1/14,0.5,11.35159722,4585.999576
2/2/14,0.5,8.717291667,4350.458397
2/3/14,1,14.50131944,6019.260297
2/4/14,1,16.3396875,6096.362143
2/5/14,1,16.55034722,6027.97927
2/6/14,1,19.79878472,6093.398177
2/7/14,1,19.33003472,5967.403562
2/8/14,0.5,19.36965278,4270.98476
2/9/14,0.5,18.10538194,4510.601224
2/10/14,1,19.54305556,6404.458263
2/11/14,1,22.17631944,6449.148697
2/12/14,1,22.25111111,6530.229267
2/13/14,1,16.179375,6180.653247
2/14/14,1,14.23940972,5892.55754
2/15/14,0.5,15.36177083,4213.223779
2/16/14,0.5,17.66965278,4554.075694
2/17/14,1,20.74326389,5657.744748
2/18/14,1,19.17590278,6226.638104
2/19/14,1,15.64274306,6218.755239
2/20/14,1,10.13486111,6143.55746
2/21/14,1,11.66173611,5630.627597
2/22/14,0.5,8.296388889,4107.473893
2/23/14,0.5,7.072881944,4534.97388
2/24/14,1,14.21256944,6226.729121
2/25/14,1,19.39708333,6348.601365
2/26/14,1,20.56517361,6436.648348
2/27/14,1,21.53006944,6088.442884
3/2/14,0.5,13.61420139,5514.780905
3/3/14,1,20.85201389,5844.495738
3/4/14,1,20.65472222,6927.270391
3/5/14,1,19.30236111,6922.78172
3/6/14,1,21.2053125,6506.760267
3/7/14,1,17.02868056,6118.807347
3/8/14,0.5,10.13239583,4566.086097
3/9/14,0.5,13.30351449,4981.788844
3/10/14,1,12.44767361,6849.653619
3/11/14,1,6.555590278,7111.106462
3/12/14,1,8.641388889,6863.2399
3/13/14,1,20.06427083,7163.265854
3/14/14,1,17.42527778,6376.236829
3/15/14,0.5,7.648298611,3935.244556
3/16/14,0.4,15.3853125,4201.856823
3/17/14,0.4,19.72923611,5480.005105
3/18/14,0.4,16.85284722,5493.969036
3/19/14,0.4,13.58611111,5506.015194
3/20/14,0.4,9.012569444,5392.495175
3/21/14,0.4,11.3015625,5333.27629
3/22/14,0.4,9.780486111,4378.973796
3/23/14,0.4,12.4825,4450.468256
3/24/14,0.975,19.26434028,6707.820547
3/25/14,1,15.81642361,6655.361713
3/26/14,1,15.65239583,7081.755974
3/27/14,1,14.73541667,6927.494578
3/28/14,1,6.761736111,6265.145792
3/29/14,0.5,7.285972222,4553.330785
3/30/14,0.5,10.7225,4903.80947
3/31/14,1,12.1340625,6391.919493
4/1/14,1,9.003958333,6620.755501
4/2/14,1,7.900625,6582.143368
4/3/14,1,8.051597222,6442.621936
4/4/14,1,10.08420139,6104.302397
4/5/14,0.5,8.731180556,4819.117215
4/6/14,0.5,7.285208333,4676.294156
4/7/14,1,4.398125,6405.999999
4/8/14,1,3.262465278,6238.779396
4/9/14,1,5.586909722,6030.491225
4/10/14,1,5.647118056,6159.138196
4/11/14,1,1.593402778,5797.81277
4/12/14,0.5,1.943020833,5171.309665
4/13/14,0.5,2.631111111,4642.080458
4/14/14,1,0.7159375,6555.312868
4/15/14,1,0.589131944,6173.03833
4/16/14,1,12.04180556,6242.792346
4/17/14,1,13.01767361,6255.138238
4/18/14,1,11.77069444,5855.557314
4/19/14,0.5,5.252291667,4529.601483
4/20/14,0.5,7.342673611,4674.762456
4/21/14,1,4.106111111,6802.159377
4/22/14,1,1.9290625,6777.143145
4/23/14,1,3.945,6459.734486
4/24/14,1,5.351701389,6577.686837
4/25/14,1,3.717326389,6561.972037
4/26/14,0.5,7.713854167,5065.767506
4/27/14,0.5,7.748229167,5207.281412
4/28/14,1,5.823194444,6704.495096
4/29/14,1,9.068194444,6699.989828
5/2/14,1,0.900208333,6351.503553
5/3/14,0.5,1.032256944,5180.405273
5/4/14,0.5,1.794305556,5618.596495
5/5/14,1,1.867638889,6905.440363
5/6/14,1,2.53875,6791.398614
5/7/14,1,2.143715278,6704.984123
5/8/14,1,1.239201389,6270.101728
5/9/14,1,1.881319444,6132.35985
5/10/14,0.5,0,4872.228999
5/11/14,0.5,0,4886.601759
5/12/14,1,0,6987.350976
5/13/14,1,4.829756944,6352.872593
5/14/14,1,2.338402778,6286.882821
5/15/14,1,0,6178.154097
5/16/14,1,0,5648.364867
5/17/14,0.5,0,3624.457596
5/18/14,0.5,0.905381944,3842.756012
5/19/14,0.5,1.379097222,4921.158361
5/20/14,0.5,1.093020833,4359.765465
5/21/14,0.5,0.76125,4351.015745
5/22/14,0.5,1.043055556,4373.708479
5/23/14,0.5,1.861076389,4232.710833
5/24/14,0.5,1.893090278,3084.947789
5/25/14,0.5,1.189131944,3092.127598
5/26/14,0.2,0.353680556,3603.643839
5/27/14,0.4875,1.972534722,4352.728775
5/28/14,0.5,5.987361111,4568.882758
5/29/14,0.5,3.309375,4317.43511
5/30/14,0.5,1.822638889,3966.234
5/31/14,0.5,1.977604167,2665.63322
6/1/14,0.5,1.289479167,2604.004889
6/2/14,0.5,0.169791667,4087.081414
6/3/14,0.5,0,3852.456617
6/4/14,0.5,0.200868056,3670.722624
6/5/14,0.5,0.073229167,4173.367045
6/6/14,0.5,0.283090278,3762.38803
6/7/14,0.5,0.000625,2590.489415
6/8/14,0.5,0,2567.122611
6/9/14,0.5,0,4435.10666
6/10/14,0.5,0,4261.98579
6/11/14,0.5,0.028506944,4418.493184
6/12/14,0.5,0,4188.734618
6/13/14,0.5,0,4367.499984
6/14/14,0.5,0,2775.43528
6/15/14,0.5,0.076006944,2630.249726
6/16/14,0.5,0,4536.447649
6/17/14,0.5,0,4596.000134
6/18/14,0.5,0,4728.861977
6/19/14,0.5,0,4644.01531
6/20/14,0.5,0,4371.898781
6/21/14,0.5,0.263506944,2631.026181
6/22/14,0.5,0.061388889,2708.111996
6/23/14,0.5,0.006388889,4831.968647
6/24/14,0.5,0,4514.255078
6/25/14,0.5,0,4692.208497
6/26/14,0.5,0,4560.760156
6/27/14,0.5,0,4564.286609
6/28/14,0.5,0,2811.37761
6/29/14,0.5,0,2859.388067
7/2/14,0.5,0,4880.505214
7/3/14,0.5,0,4865.26029
7/4/14,0.5,0,3551.627758
7/5/14,0.5,0.028819444,2782.909063
7/6/14,0.5,0,2818.249802
7/7/14,0.5,0,4845.330436
7/8/14,0.5,0,4840.500464
7/9/14,0.5,0,5067.830199
7/10/14,0.5,0,4948.419321
7/11/14,0.5,0,4689.239847
7/12/14,0.5,0,3197.669237
7/13/14,0.5,0,3037.494919
7/14/14,0.5,0,5185.202904
7/15/14,0.5,0,5277.277183
7/16/14,0.5,0,5037.86094
7/17/14,0.5,0,5146.840809
7/18/14,0.5,0,5138.515716
7/19/14,0.5,0,2867.047222
7/20/14,0.5,0,2709.010389
7/21/14,0.5,0,4731.218421
7/22/14,0.5,0,4805.26079
7/23/14,0.5,0,5051.452912
7/24/14,0.5,0,4775.116799
7/25/14,0.5,0,4761.419699
7/26/14,0.5,0,3256.367059
7/27/14,0.5,0,2964.653717
7/28/14,0.5,0,4635.367296
7/29/14,0.5,0,4568.871967
7/30/14,0.5,0,4394.867198
7/31/14,0.5,0,4474.383081
8/1/14,0.5,0,4400.367065
8/2/14,0.5,0,3233.862017
8/3/14,0.5,0,3088.744748
8/4/14,0.5,0,4362.312724
8/5/14,0.5,0,4327.942595
8/6/14,0.5,0,4200.521034
8/7/14,0.5,0,4077.90391
8/8/14,0.5,0,3799.765311
8/9/14,0.5,0,2844.484426
8/10/14,0.5,0,2914.867216
8/11/14,0.5,0,4130.21849
8/12/14,0.5,0,4280.516159
8/13/14,0.5,0,4133.892939
8/14/14,0.5,0,4102.218566
8/15/14,0.5,0,4079.148632
8/16/14,0.5,0,3498.596238
8/17/14,0.5,0,3300.835427
8/18/14,0.5,0,4614.40918
8/19/14,0.5,0.150069444,4538.393073
8/20/14,0.5,0,4768.078822
8/21/14,0.5,0,4587.538574
8/22/14,0.5,0,4480.382898
8/23/14,0.5,0,3488.72913
8/24/14,0.5,0,3444.388329
8/25/14,0.5,0,4804.988852
8/26/14,0.5,0,4841.510935
8/27/14,0.5,0,5054.750224
8/28/14,0.5,0,4980.345827
8/29/14,0.5,0.006701389,4879.776573
8/30/14,0.5,0.007083333,3767.62221
9/2/14,0.9625,0,5706.219014
9/3/14,1,0,5869.335684
9/4/14,1,0,6046.271017
9/5/14,1,0,5685.015596
9/6/14,0.5,0,4602.495
9/7/14,0.5,0,4562.846355
9/8/14,1,0.009583333,5965.622308
9/9/14,1,0,5857.239197
9/10/14,1,0,5608.153957
9/11/14,1,0,5535.356616
9/12/14,1,0.073923611,5721.158801
9/13/14,0.5,1.141076389,5144.075553
9/14/14,0.5,1.3046875,4683.627688
9/15/14,1,2.242604167,5845.617177
9/16/14,1,0.6075,5819.76561
9/17/14,1,0.858125,5709.729217
9/18/14,1,1.187743056,5594.648341
9/19/14,1,3.783090278,5526.030956
9/20/14,0.5,2.253090278,4239.255782
9/21/14,0.5,0,4351.973863
9/22/14,1,0.355069444,5422.12237
9/23/14,1,2.02375,5385.521009
9/24/14,1,0.937951389,5236.999949
9/25/14,1,1.153993056,5260.882577
9/26/14,1,0.867256944,4991.77659
9/27/14,0.5,0.119618056,4003.872452
9/28/14,0.5,0,4367.341043
9/29/14,1,0.084618056,5657.26251
9/30/14,1,1.353854167,5748.945605
10/1/14,1,1.035173611,5666.729137
10/2/14,1,2.271944444,5799.893231
10/3/14,1,3.4146875,5445.541411
10/4/14,0.5,1.075416667,4592.505629
10/5/14,0.5,2.192118056,4684.698094
10/6/14,1,3.012638889,6068.21837
10/7/14,1,0.304444444,5897.041956
10/8/14,1,0,5799.10128
10/9/14,1,1.312013889,5943.046969
10/10/14,1,2.108611111,5629.387559
10/11/14,0.5,5.576597222,4045.729417
10/12/14,0.5,4.271284722,4630.888098
10/13/14,0.6,3.0190625,5160.362062
10/14/14,0.983333333,0,5859.882711
10/15/14,1,0,6065.494424
10/16/14,1,0,5946.494792
10/17/14,1,0,5736.281524
10/18/14,0.5,0.067847222,4322.112174
10/19/14,0.5,4.394513889,4742.43734
10/20/14,1,6.078020833,6411.382546
10/21/14,1,1.887430556,5794.265789
10/22/14,1,4.106041667,5756.760554
10/23/14,1,4.105833333,5665.62238
10/24/14,1,4.603020833,5464.041278
10/25/14,0.5,2.809861111,4194.862223
10/26/14,0.5,2.972118056,4454.096663
10/27/14,1,3.518472222,6068.963182
10/28/14,1,3.287013889,6268.749884
10/29/14,1,1.693402778,6209.882496
10/30/14,1,4.483159722,6275.154071
11/2/14,0.5,11.13409722,5009.581256
11/3/14,1,8.209340278,6070.015495
11/4/14,1,3.766631944,6047.73936
11/5/14,1,1.597361111,5977.994777
11/6/14,1,5.621284722,6066.090984
11/7/14,1,7.873159722,5929.604599
11/8/14,0.5,9.676145833,4798.729109
11/9/14,0.5,6.252534722,4866.590968
11/10/14,1,5.803090278,6253.265423
11/11/14,1,3.325069444,5725.872508
11/12/14,1,2.568229167,6152.814951
11/13/14,1,8.221215278,6402.653336
11/14/14,1,12.15038194,6009.766166
11/15/14,0.5,14.00107639,4517.12277
11/16/14,0.5,12.45600694,5000.229098
11/17/14,1,9.990902778,6195.872194
11/18/14,1,13.40892361,6250.617353
11/19/14,1,16.36715278,6293.09107
11/20/14,1,11.80604167,6330.812651
11/21/14,1,15.93618056,5910.494738
11/22/14,0.5,13.58065972,4539.653988
11/23/14,0.5,5.106354167,4854.473691
11/24/14,1,1.65625,6185.116932
11/25/14,1,1.422465278,6019.552067
11/26/14,1,10.92128472,4894.750029
11/27/14,0.2,13.87899306,4408.760936
11/28/14,0.2,15.87,4585.233929
11/29/14,0.2,16.42572917,4226.11734
11/30/14,0.2,5.968159722,4738.234538
12/1/14,0.966666667,3.658229167,6107.596208
12/2/14,1,12.63652778,6504.931908
12/3/14,1,8.525694444,6421.010132
12/4/14,1,12.10381944,6827.724358
12/5/14,1,13.30159722,6980.856419
12/6/14,0.5,10.80625,5215.531862
12/7/14,0.5,14.95329861,5859.635019
12/8/14,1,20.71076389,7592.083169
12/9/14,1,10.02420139,7201.580547
12/10/14,1,10.67041667,7078.142926
12/11/14,1,13.55649306,6712.526536
12/12/14,1,13.85159722,6256.653689
12/13/14,0.5,12.90982639,4890.372266
12/14/14,0.5,12.23298611,5237.195679
12/15/14,1,12.43701389,6410.632954
12/16/14,1,10.85715278,6083.98917
12/17/14,1,8.5428125,5977.128038
12/18/14,0.2,10.83114583,5823.169312
12/19/14,0.2,14.04670139,5183.158857
12/20/14,0.2,15.55065217,4084.755297
2/3/15,1,21.57818333,6570.234516
2/4/15,1,16.91107639,6584.93469
2/5/15,1,18.80788194,6561.325558
2/6/15,1,25.41510417,6384.716866
2/7/15,0.5,19.01666667,4661.108867
2/8/15,0.5,20.88309028,4811.332782
2/9/15,1,23.97361111,4555.527312
2/10/15,1,19.90444444,4980.649819
2/11/15,1,21.58395833,6340.764342
2/12/15,1,20.36520833,6771.205328
2/13/15,1,25.406875,6683.961816
2/14/15,0.5,23.30083333,4701.212037
2/15/15,0.5,25.05048611,4526.496755
2/16/15,0.6,27.88409722,6087.318176
2/17/15,0.983333333,23.48340278,6710.812996
2/18/15,1,18.86527778,6740.302419
2/19/15,1,20.65211806,6901.585652
2/20/15,1,26.36902778,6421.700683
2/21/15,0.5,20.65159722,4807.025851
2/22/15,0.5,13.37256944,4979.591083
2/23/15,1,20.84604167,6755.666338
2/24/15,1,26.46100694,7246.744559
2/25/15,1,18.61996528,7259.63307
2/26/15,1,21.42548611,6765.573149
2/27/15,1,21.04256944,6355.776002
2/28/15,0.5,20.66746528,4863.234749
3/1/15,0.5,19.3709375,4914.372204
3/2/15,1,15.73534722,6493.033481
3/3/15,1,18.00461806,7120.903664
3/4/15,1,10.67465278,6782.218677
3/5/15,1,16.37972222,6760.755244
3/6/15,1,22.00104167,6727.823021
3/7/15,0.5,16.59809028,5064.122382
3/8/15,0.5,13.48699275,4990.3573
3/9/15,1,10.80277778,6691.559566
3/10/15,1,8.585138889,6813.093814
3/11/15,1,5.398298611,6673.6018
3/12/15,1,12.65888889,6637.653444
3/13/15,1,14.66354167,6291.568129
3/14/15,0.4,12.88197917,4072.132841
3/15/15,0.4,13.06256944,4292.479027
3/16/15,0.4,12.40378472,5863.616657
3/17/15,0.4,10.82722222,5518.340952
3/18/15,0.4,18.17440972,5801.50538
3/19/15,0.4,18.15829861,5772.877825
3/20/15,0.4,17.03631944,5585.52631
3/21/15,0.4,13.97586806,4515.61728
3/22/15,0.495833333,15.9634375,4843.223848
3/23/15,1,18.99236111,6855.213318
3/24/15,1,15.62770833,7213.58607
3/25/15,1,10.99697917,7259.681894
3/26/15,1,6.674722222,6580.890793
3/27/15,1,9.718645833,6152.994673
3/28/15,0.5,13.26315972,4709.766046
3/29/15,0.5,13.49368056,5225.799406
3/30/15,1,11.52017361,6637.712821
3/31/15,1,8.781736111,6715.786945
4/1/15,1,11.06569444,6889.559384
4/2/15,1,7.393194444,6692.817873
4/3/15,1,2.208680556,5963.551926
4/4/15,0.5,6.631979167,4601.372657
4/5/15,0.5,10.55753472,5144.107275
4/6/15,1,9.765590278,6301.920943
4/7/15,1,10.58232639,6688.042104
4/8/15,1,12.06211806,6601.000399
4/9/15,1,12.97756944,6488.473756
4/10/15,1,6.916631944,6008.278642
4/11/15,0.5,4.087326389,4756.208657
4/12/15,0.5,4.265729167,5043.872372
4/13/15,1,1.897777778,6677.814701
4/14/15,1,0.318263889,6707.010371
4/15/15,1,1.584340278,6910.431668
4/16/15,1,3.543333333,6905.331063
4/17/15,1,2.122986111,6445.146207
4/18/15,0.5,3.180694444,4687.11204
4/19/15,0.5,5.653402778,5038.362421
4/20/15,1,7.491840278,6160.798833
4/21/15,1,1.217152778,6612.585505
4/22/15,1,2.209236111,6816.588943
4/23/15,1,7.493159722,6444.60144
4/24/15,1,8.779236111,6442.903632
4/25/15,0.5,7.023958333,5282.310212
4/26/15,0.5,4.626215278,5527.117364
4/27/15,1,4.059340278,6709.106157
4/28/15,1,3.929756944,7012.112213
4/29/15,1,3.148784722,7158.345912
4/30/15,1,3.957534722,7106.685646
5/1/15,1,6.641180556,6560.270886
5/2/15,0.5,5.657291667,5315.601285
5/3/15,0.5,2.149444444,5458.057554
5/4/15,1,1.203298611,6899.463229
5/5/15,1,0,6646.952363
5/6/15,1,0.178229167,6570.110245
5/7/15,1,0.511944444,6793.176665
5/8/15,1,1.496319444,6491.994882
5/9/15,0.5,2.585138889,5324.812782
5/10/15,0.5,0,5786.437303
5/11/15,1,0.548090278,6967.153431
5/12/15,1,1.594375,6807.500703
5/13/15,1,0.503576389,6671.122388
5/14/15,1,1.632361111,6642.796465
5/15/15,1,1.239201389,5971.190374
5/16/15,0.5,0.045451389,3923.153529
5/17/15,0.5,0.188819444,4245.893996
5/18/15,0.5,2.442638889,4949.142557
5/19/15,0.5,0.819409722,4282.281677
5/20/15,0.5,0.698055556,4348.122181
5/21/15,0.5,1.978159722,4386.36174
5/22/15,0.5,0.916875,4239.403898
5/23/15,0.5,2.918368056,3422.478815
5/24/15,0.5,1.1115625,3754.611884
5/25/15,0.2,0,3826.424894
5/26/15,0.4875,0,4321.096445
5/27/15,0.5,0,5172.845815
5/28/15,0.5,0,5099.562934
5/29/15,0.5,0,4145.356537
5/30/15,0.5,0,2909.0421
5/31/15,0.5,1.624895833,3090.122497
6/1/15,0.5,5.772083333,4111.250017
6/2/15,0.5,6.315520833,3705.452868
6/3/15,0.5,3.418506944,3950.286402
6/4/15,0.5,1.823298611,3883.479236
6/5/15,0.5,1.057673611,4067.606735
6/6/15,0.5,0.405798611,3448.617233
6/7/15,0.5,0.730138889,2983.132807
6/8/15,0.5,0.491354167,3812.898428
6/9/15,0.5,0,3728.612044
6/10/15,0.5,0,3886.999966
6/11/15,0.5,0,4068.888125
6/12/15,0.5,0,4186.994802
6/13/15,0.5,0,3114.984467
6/14/15,0.5,0,3083.372292
6/15/15,0.5,0.933402778,4242.473824
6/16/15,0.5,0.273680556,3956.638202
6/17/15,0.5,0,4160.611641
6/18/15,0.5,0.100625,4058.005272
6/19/15,0.5,0,4324.255216
6/20/15,0.5,0.0115625,3172.138367
6/21/15,0.5,0,3122.984334
6/22/15,0.5,0,4440.744717
6/23/15,0.5,0,4336.004887
6/24/15,0.5,0,4563.994575
6/25/15,0.5,0,4413.505453
6/26/15,0.5,0,4247.000033
6/27/15,0.5,0.033715278,3191.882857
6/28/15,0.5,1.065347222,3446.37757
6/29/15,0.5,0.971770833,4083.244974
6/30/15,0.5,0,4022.489284
7/1/15,0.5,0,4001.127852
7/2/15,0.5,0,4180.015613
7/3/15,0.5,0,3718.617186
7/4/15,0.5,0,3160.000304
7/5/15,0.5,0,3619.69749
7/7/15,0.5,0,4305.52649
7/8/15,0.5,0,4438.483993
7/9/15,0.5,0,4493.260649
7/11/15,0.5,0,3291.127488
7/12/15,0.5,0,3556.531203
7/13/15,0.5,0,4500.601654
7/14/15,0.5,0,4246.856555
7/15/15,0.5,0,4568.505668
7/16/15,0.5,0,4236.005115
7/17/15,0.5,0,4473.978907
7/18/15,0.5,0,3186.260695
7/19/15,0.5,0,3569.479206
7/20/15,0.5,0,4561.903409
7/21/15,0.5,0,4485.611777
7/22/15,0.5,0,4676.596388
7/23/15,0.5,0,4469.255777
7/24/15,0.5,0,4758.424185
7/25/15,0.5,0,2871.903427
7/26/15,0.5,0,2893.734627
7/27/15,0.5,0,3887.877389
7/28/15,0.5,0,3825.260602
7/29/15,0.5,0,4243.208185
7/30/15,0.5,0,4343.133051
7/31/15,0.5,0,4160.127334
8/1/15,0.5,0,3115.398184
8/2/15,0.5,0,3468.320365
8/3/15,0.5,0,3999.578759
8/4/15,0.5,0,3415.12223
8/5/15,0.5,0,3643.45294
8/6/15,0.5,0,3570.286373
8/7/15,0.5,0,3768.463371
8/8/15,0.5,0,2860.041971
8/9/15,0.5,0,2671.622431
8/10/15,0.5,0,3841.10669
8/11/15,0.5,0,3731.403772
8/12/15,0.5,0,3866.335952
8/13/15,0.5,0,3868.297001
8/14/15,0.5,0,4232.725539
8/15/15,0.5,0,4223.372286
8/16/15,0.5,0,4108.026478
8/17/15,0.5,0,4915.817958
8/18/15,0.5,0,4790.356826
8/19/15,0.5,0,4642.632732
8/20/15,0.5,0,4683.494824
8/21/15,0.5,0,4443.515725
8/22/15,0.5,0,3282.750265
8/23/15,0.5,0,3312.877422
8/24/15,0.5,0,4298.744578
8/25/15,0.5,0,4296.596454
8/26/15,0.979166667,0,4617.403767
8/27/15,1,0,4506.755344
8/28/15,1,0,4364.382703
8/29/15,0.5,0,3283.494847
8/30/15,0.5,0,3317.898477
8/31/15,1,0,4483.228996
9/1/15,1,0,4600.968515
9/2/15,1,0,5202.622679
9/3/15,1,0,5296.973808
9/4/15,1,0,4885.052373
9/5/15,0.5,0.221215278,3871.117244
9/6/15,0.5,0,4007.749972
9/7/15,0.1,0,4510.606771
9/8/15,0.9625,0,5680.978929
9/9/15,1,0,5725.882915
9/10/15,1,0,5412.372135
9/11/15,1,0,4992.398846
9/12/15,0.5,0,3931.723907
9/13/15,0.5,0,3886.984634
9/14/15,1,0.157152778,5391.116942
9/15/15,1,0,5436.489124
9/16/15,1,0,5877.984478
9/17/15,1,0,5799.898573
9/18/15,1,0,5686.229135
9/19/15,0.5,0,5124.377709
9/20/15,0.5,0.012743056,5157.548797
9/21/15,1,0.883680556,5546.216954
9/22/15,1,0.579027778,5281.048703
9/23/15,1,0.820763889,5074.727112
9/24/15,1,0.288159722,5078.122663
9/25/15,1,0.652013889,4944.903458
9/26/15,0.5,2.029131944,3683.398502
9/27/15,0.5,2.420069444,4013.289198
9/28/15,1,0.510972222,5470.075486
9/29/15,1,0,5780.455741
9/30/15,1,0,5436.049026
10/1/15,1,1.52375,5257.409306
10/2/15,1,4.616423611,4911.046803
10/3/15,0.5,4.227916667,3945.218531
10/4/15,0.5,3.642256944,4331.916335
10/5/15,1,3.107430556,5186.349592
10/6/15,1,2.772951389,5057.643453
10/7/15,1,1.644305556,5237.887766
10/8/15,1,1.387673611,5102.085953
10/9/15,1,0.648194444,5027.301832
10/10/15,0.5,2.735729167,4064.606799
10/11/15,0.5,2.245451389,3944.015989
10/12/15,0.6,1.061319444,4472.085892
10/13/15,0.983333333,0.303645833,5334.505086
10/14/15,1,0.581597222,4930.718308
10/15/15,1,3.219583333,5173.292217
10/16/15,1,2.78625,4667.525861
10/17/15,0.5,5.990520833,3788.36416
10/18/15,0.5,11.12767361,4179.180246
10/19/15,1,10.63270833,5424.171501
10/20/15,1,2.42375,5606.343618
10/21/15,1,1.063090278,5259.138553
10/23/15,1,5.539930556,4534.095838
10/24/15,0.5,8.768055556,4105.458039
10/25/15,0.5,2.643090278,4049.755475
10/26/15,1,5.982256944,5297.426613
10/27/15,1,7.077951389,5405.744673
10/28/15,1,4.540034722,5359.51555
10/29/15,1,0.0271875,5452.276139
10/30/15,1,3.207083333,4961.70626
10/31/15,0.5,6.661006944,4392.947094
11/1/15,0.5,2.415677083,4559.867558
11/2/15,1,1.9596875,5156.383151
11/3/15,1,2.557291667,5110.510137
11/4/15,1,1.793020833,5195.622391
11/5/15,1,0.802430556,5534.479261
11/6/15,1,0,5033.84963
11/7/15,0.5,1.055590278,3912.330071
11/8/15,0.5,5.209756944,4150.728976
11/9/15,1,5.057673611,5429.958467
11/10/15,1,5.252013889,5349.781716
11/11/15,0.6,6.554618056,4787.989002
11/12/15,0.983333333,5.254861111,5207.643511
11/14/15,0.5,9.394965278,3936.708245
11/15/15,0.5,7.618333333,4214.98441
11/16/15,1,4.723854167,5664.617216
11/17/15,1,10.47760417,5624.856601
11/18/15,1,9.581006944,5640.249972
11/19/15,1,4.295451389,5519.919463
11/20/15,1,2.011493056,4886.148458
11/21/15,0.5,9.212604167,4018.973937
11/22/15,0.5,9.179756944,4176.718867
11/23/15,1,12.06180556,5351.739579
11/24/15,1,12.91184028,5002.158517
11/25/15,1,11.04753472,4490.648336
11/26/15,0.2,4.856145833,3746.041717
11/27/15,0.2,1.416944444,4056.585996
11/28/15,0.2,5.547777778,3712.336313
11/29/15,0.2,12.32635417,4084.97386
11/30/15,0.966666667,14.18465278,5484.473492
12/1/15,1,11.54100694,5720.495257
12/2/15,1,8.43,5736.596058
12/3/15,1,6.938576389,5967.138103
12/4/15,1,9.034097222,5676.398517
12/5/15,0.5,8.116041667,4911.554815
12/6/15,0.5,7.390486111,5150.361967
12/7/15,1,6.826354167,6272.770882
12/8/15,1,10.35385417,6269.820272
12/9/15,1,9.153298611,6161.317634
12/10/15,1,4.148611111,5492.015516
12/11/15,1,3.888263889,5580.510501
12/12/15,0.5,2.824618056,4508.317703
12/13/15,0.5,4.860277778,4517.197723
12/14/15,1,5.330277778,5222.856946
12/15/15,1,2.566979167,5294.760446
12/16/15,1,9.136458333,5231.572863
12/17/15,1,6.503159722,4597.547025
12/18/15,0.1,7.080486111,4191.861983
12/19/15,0.1,12.29895833,3780.887761
12/20/15,0.1,12.57496528,3431.270934
12/21/15,0.1,7.301944444,3936.393336
12/22/15,0.1,2.375868056,3469.387862
12/23/15,0.1,4.317465278,3334.101719
12/24/15,0,2.036111111,2801.69512
12/25/15,0,0.939027778,2504.000119
12/26/15,0,6.137743056,2352.137829
12/27/15,0,7.274340278,2223.362065
12/28/15,0,14.8040625,2621.606816
12/29/15,0,15.62215278,2774.882701
12/30/15,0,17.30784722,2821.249934
12/31/15,0,11.09861111,2976.994915
1/1/16,0,11.7721875,3002.984458
1/2/16,0,13.44451389,3050.372491
1/3/16,0,12.33819444,3000.398116
1/4/16,0.3,18.96961806,3993.172076
1/5/16,0.3,22.89614583,4412.127677
1/6/16,0.3,14.99527778,4310.382792
1/7/16,0.3,13.82899306,4210.239594
1/8/16,0.3,13.01947917,4093.510357
1/9/16,0.3,11.0025,3289.989581
1/10/16,0.3,4.857916667,3200.122324
1/11/16,0.3,14.22486111,4501.448249
1/12/16,0.3,15.8553125,4688.132511
1/13/16,0.3,18.26013889,4804.377817
1/14/16,0.3,18.66270833,4613.297996
1/15/16,0.3,13.58895833,4528.701258
1/16/16,0.3,11.62972222,3709.633449
1/17/16,0.3,14.30576389,3705.759763
1/18/16,0.1,18.64774306,3995.687708
1/19/16,0.291666667,21.74006944,5092.7706
1/20/16,0.3,18.36951389,4842.419685
1/21/16,0.3,17.94652778,4822.377205
1/22/16,0.3,18.82302083,4677.882975
1/23/16,0.3,18.8153125,3623.367075
1/24/16,0.3,16.87395833,3736.979148
1/25/16,0.970833333,14.59475694,5057.463812
1/26/16,1,9.117708333,5273.807324
1/27/16,1,9.892916667,5429.543952
1/28/16,1,13.20159722,5369.781189
1/29/16,1,12.33979167,4920.323081
1/30/16,0.5,12.34201389,3774.973917
1/31/16,0.5,6.818888889,3927.346042
2/2/16,1,8.486805556,5176.020809
2/3/16,1,6.270277778,4972.127565
2/4/16,1,2.814027778,5194.371987
2/5/16,1,15.00833333,5172.999957
2/6/16,0.5,16.44118056,4069.091532
2/7/16,0.5,12.15385417,4147.659026
2/8/16,1,19.13052083,5184.091002
2/9/16,1,19.02861111,5337.748955
2/10/16,1,15.78434028,5316.107198
2/11/16,1,20.08888889,5330.36582
2/12/16,1,23.3296875,4953.207762
2/13/16,0.5,24.288125,3859.458061
2/14/16,0.5,31.54659722,4057.234427
2/15/16,0.6,23.87006944,4704.825476
2/16/16,0.983333333,6.476736111,5531.918338
2/17/16,1,10.85791667,5589.765983
2/18/16,1,15.68149306,5462.632498
2/19/16,1,15.57100694,5211.504588
2/20/16,0.5,5.729756944,3987.17003
2/21/16,0.5,5.528229167,3905.345761
2/22/16,1,11.36569444,4928.830403
2/23/16,1,14.32072917,5424.500311
2/24/16,1,9.251076389,5387.669304
2/25/16,1,2.584201389,5343.350897
2/26/16,1,13.45746528,5341.990359
2/27/16,0.5,15.56086806,4378.978036
2/28/16,0.5,6.778020833,4296.118325
2/29/16,1,4.981180556,5599.488813
3/1/16,1,9.417291667,5662.180249
3/2/16,1,10.13861111,5105.814716
3/3/16,1,17.30944444,5361.516002
3/4/16,1,17.19357639,5006.06265
3/5/16,0.5,15.0475,4230.585889
3/6/16,0.5,12.64243056,4536.218768
3/7/16,1,9.317743056,5475.601331
3/8/16,1,7.779479167,5394.521276
3/9/16,1,2.728472222,5599.978654
3/10/16,1,0.2246875,5579.950917
3/11/16,1,5.168402778,4907.791703
3/12/16,0.4,6.246875,3911.015725
3/13/16,0.4,2.601086957,3538.245313
3/14/16,0.4,9.95625,4099.004851
3/15/16,0.4,8.633611111,4108.362175
3/16/16,0.4,7.288541667,3946.908705
3/17/16,0.4,5.283819444,3915.994843
3/18/16,0.4,7.656527778,4028.005526
3/19/16,0.4,12.55125,3558.457872
3/20/16,0.4,15.10583333,3735.382999
3/21/16,0.975,13.00746528,4985.926657
3/22/16,1,10.25038194,5565.972671
3/23/16,1,5.184131944,5398.107564
3/24/16,1,11.03822917,5446.023036
3/25/16,1,9.560868056,5092.179797
3/26/16,0.5,10.67927083,3736.618318
3/27/16,0.5,10.8565625,4007.68336
3/28/16,1,9.884548611,5487.472615
3/29/16,1,7.554305556,5631.282013
3/30/16,1,7.726805556,5559.786187
3/31/16,1,2.2690625,5552.788546
4/1/16,1,0,5373.867631
4/2/16,0.5,5.678506944,4135.723806
4/3/16,0.5,13.79291667,4392.706894
4/4/16,1,18.19125,5611.476258
4/5/16,1,15.78100694,5482.890907
4/6/16,1,12.83704861,5591.896816
4/7/16,1,3.845590278,5491.264708
4/8/16,1,6.731354167,5042.782104
4/9/16,0.5,10.76256944,3962.125913
4/10/16,0.5,10.1025,4055.454603
4/11/16,1,4.511284722,5360.895741
4/12/16,1,3.116041667,5421.111652
4/13/16,1,7.958715278,5395.248995
4/14/16,1,8.466979167,5389.372555
4/15/16,1,6.379375,5186.026634
4/16/16,0.5,6.312604167,4317.620856
4/17/16,0.5,4.556041667,4255.989853
4/18/16,1,3.644826389,5519.827996
4/19/16,1,4.918576389,5637.7711
4/20/16,1,4.969375,5672.621519
4/21/16,1,2.929826389,5614.827717
4/22/16,1,0,5665.229347
4/23/16,0.5,0.621701389,4710.665099
4/24/16,0.5,5.201180556,4903.672542
4/25/16,1,3.372395833,5810.852283
4/26/16,1,9.311354167,6041.96861
4/27/16,1,5.4809375,6153.259889
4/28/16,1,5.194965278,6036.620006
4/29/16,1,6.000555556,5621.162122
4/30/16,0.5,4.048715278,4719.59516
5/1/16,0.5,5.870277778,4826.988843
5/2/16,1,6.619965278,5866.419484
5/3/16,1,6.150520833,5726.39045
5/4/16,1,7.108229167,5778.697591
5/5/16,1,7.845694444,5525.697378
5/6/16,1,5.524583333,5118.390626
5/7/16,0.5,5.928020833,4135.623688
5/8/16,0.5,2.777083333,4071.316438
5/9/16,1,2.567743056,5403.59532
5/10/16,1,2.437638889,5418.91537
5/11/16,1,0.686805556,5645.144158
5/12/16,1,0.306041667,5583.841332
5/13/16,1,0.367986111,5015.993537
5/14/16,0.5,0.020243056,3392.619648
5/15/16,0.5,2.709444444,3419.232212
5/16/16,0.5,4.834652778,4306.764616
5/17/16,0.5,1.312291667,3708.897627
5/18/16,0.5,0.888715278,3551.746343
5/19/16,0.5,1.109027778,3416.894322
5/20/16,0.5,1.144027778,3392.126721
5/21/16,0.5,0.332916667,2609.750221
5/22/16,0.5,0.523368056,2592.623182
5/23/16,0.5,0.959583333,3530.000258
5/24/16,0.5,1.866006944,3355.25702
5/25/16,0.5,0.812361111,3893.196998
5/26/16,0.5,0,4177.027435
5/27/16,0.5,0,3664.402278
5/28/16,0.5,0,2617.119535
5/29/16,0.5,0.681631944,2605.377014
5/30/16,0.2,0.997256944,2830.369765
5/31/16,0.4875,0,3755.996172
6/1/16,0.5,0.0140625,3794.725552
6/2/16,0.5,0.580104167,3730.267677
6/3/16,0.5,0.004548611,3740.988858
6/4/16,0.5,0,2976.616785
6/5/16,0.5,0,2857.890759
6/6/16,0.5,0,3913.46833
6/7/16,0.5,0,3861.777873
6/8/16,0.5,0.064861111,3772.264136
6/9/16,0.5,0.704722222,3679.492967
6/10/16,0.5,0.544895833,3644.134176
6/11/16,0.5,0.194027778,2725.86631
6/12/16,0.5,0.244826389,2887.256671
6/13/16,0.5,0.661666667,3882.721691
6/14/16,0.5,0.266111111,3968.637523
6/15/16,0.5,0,3927.890641
6/17/16,0.5,0,3978.619615
6/18/16,0.5,0,2893.655027
6/19/16,0.5,0,2795.746572
6/20/16,0.5,0,4150.70404
6/21/16,0.5,0,4293.514215
6/22/16,0.5,0,3929.123155
6/23/16,0.5,0,4139.362777
6/24/16,0.5,0,4112.517452
6/25/16,0.5,0,3040.412167
6/26/16,0.5,0,2785.975068
6/27/16,0.5,0,4109.728509
6/28/16,0.5,0,4066.366329